This is pdfTeX, Version 3.141592653-2.6-1.40.28 (MiKTeX 25.12) (preloaded format=pdflatex 2025.12.30)  12 MAY 2026 12:52
entering extended mode
 restricted \write18 enabled.
 file:line:error style messages enabled.
 %&-line parsing enabled.
**"c:/Users/baneg/OneDrive/Desktop/git/PhD/Classes - Year 1/Algebraic Combinatorics/finalpresent.tex"
(c:/Users/baneg/OneDrive/Desktop/git/PhD/Classes - Year 1/Algebraic Combinatorics/finalpresent.tex
LaTeX2e <2025-11-01>
L3 programming layer <2025-12-24>
(C:\Program Files\MiKTeX\tex/latex/beamer\beamer.cls
Document Class: beamer 2026/01/22 v3.77 A class for typesetting presentations
(C:\Program Files\MiKTeX\tex/latex/beamer\beamerbasemodes.sty (C:\Program Files\MiKTeX\tex/latex/etoolbox\etoolbox.sty
Package: etoolbox 2025/10/02 v2.5m e-TeX tools for LaTeX (JAW)
\etb@tempcnta=\count275
)
\beamer@tempbox=\box53
\beamer@tempcount=\count276
\c@beamerpauses=\count277
 (C:\Program Files\MiKTeX\tex/latex/beamer\beamerbasedecode.sty
\beamer@slideinframe=\count278
\beamer@minimum=\count279
\beamer@decode@box=\box54
)
\beamer@commentbox=\box55
\beamer@modecount=\count280
) (C:\Program Files\MiKTeX\tex/generic/iftex\iftex.sty
Package: iftex 2024/12/12 v1.0g TeX engine tests
)
\headdp=\dimen148
\footheight=\dimen149
\sidebarheight=\dimen150
\beamer@tempdim=\dimen151
\beamer@finalheight=\dimen152
\beamer@animht=\dimen153
\beamer@animdp=\dimen154
\beamer@animwd=\dimen155
\beamer@leftmargin=\dimen156
\beamer@rightmargin=\dimen157
\beamer@leftsidebar=\dimen158
\beamer@rightsidebar=\dimen159
\beamer@boxsize=\dimen160
\beamer@vboxoffset=\dimen161
\beamer@descdefault=\dimen162
\beamer@descriptionwidth=\dimen163
\beamer@lastskip=\skip49
\beamer@areabox=\box56
\beamer@animcurrent=\box57
\beamer@animshowbox=\box58
\beamer@sectionbox=\box59
\beamer@logobox=\box60
\beamer@linebox=\box61
\beamer@sectioncount=\count281
\beamer@subsubsectionmax=\count282
\beamer@subsectionmax=\count283
\beamer@sectionmax=\count284
\beamer@totalheads=\count285
\beamer@headcounter=\count286
\beamer@partstartpage=\count287
\beamer@sectionstartpage=\count288
\beamer@subsectionstartpage=\count289
\beamer@animationtempa=\count290
\beamer@animationtempb=\count291
\beamer@xpos=\count292
\beamer@ypos=\count293
\beamer@ypos@offset=\count294
\beamer@showpartnumber=\count295
\beamer@currentsubsection=\count296
\beamer@coveringdepth=\count297
\beamer@sectionadjust=\count298
\beamer@toclastsection=\count299
\beamer@tocsectionnumber=\count300
 (C:\Program Files\MiKTeX\tex/latex/beamer\beamerbaseoptions.sty (C:\Program Files\MiKTeX\tex/latex/graphics\keyval.sty
Package: keyval 2022/05/29 v1.15 key=value parser (DPC)
\KV@toks@=\toks17
))
\beamer@paperwidth=\skip50
\beamer@paperheight=\skip51
 (C:\Program Files\MiKTeX\tex/latex/geometry\geometry.sty
Package: geometry 2020/01/02 v5.9 Page Geometry
 (C:\Program Files\MiKTeX\tex/generic/iftex\ifvtex.sty
Package: ifvtex 2019/10/25 v1.7 ifvtex legacy package. Use iftex instead.
)
\Gm@cnth=\count301
\Gm@cntv=\count302
\c@Gm@tempcnt=\count303
\Gm@bindingoffset=\dimen164
\Gm@wd@mp=\dimen165
\Gm@odd@mp=\dimen166
\Gm@even@mp=\dimen167
\Gm@layoutwidth=\dimen168
\Gm@layoutheight=\dimen169
\Gm@layouthoffset=\dimen170
\Gm@layoutvoffset=\dimen171
\Gm@dimlist=\toks18
 (C:\Program Files\MiKTeX\tex/latex/geometry\geometry.cfg)) (C:\Program Files\MiKTeX\tex/latex/pgf/math\pgfmath.sty (C:\Program Files\MiKTeX\tex/latex/pgf/utilities\pgfrcs.sty (C:\Program Files\MiKTeX\tex/generic/pgf/utilities\pgfutil-common.tex
\pgfutil@everybye=\toks19
\pgfutil@tempdima=\dimen172
\pgfutil@tempdimb=\dimen173
) (C:\Program Files\MiKTeX\tex/generic/pgf/utilities\pgfutil-latex.def
\pgfutil@abb=\box62
) (C:\Program Files\MiKTeX\tex/generic/pgf/utilities\pgfrcs.code.tex (C:\Program Files\MiKTeX\tex/generic/pgf\pgf.revision.tex)
Package: pgfrcs 2025-08-29 v3.1.11a (3.1.11a)
)) (C:\Program Files\MiKTeX\tex/latex/pgf/utilities\pgfkeys.sty (C:\Program Files\MiKTeX\tex/generic/pgf/utilities\pgfkeys.code.tex
\pgfkeys@pathtoks=\toks20
\pgfkeys@temptoks=\toks21
 (C:\Program Files\MiKTeX\tex/generic/pgf/utilities\pgfkeyslibraryfiltered.code.tex
\pgfkeys@tmptoks=\toks22
))) (C:\Program Files\MiKTeX\tex/generic/pgf/math\pgfmath.code.tex (C:\Program Files\MiKTeX\tex/generic/pgf/math\pgfmathutil.code.tex
\pgf@x=\dimen174
\pgf@xa=\dimen175
\pgf@xb=\dimen176
\pgf@xc=\dimen177
\pgf@y=\dimen178
\pgf@ya=\dimen179
\pgf@yb=\dimen180
\pgf@yc=\dimen181
\c@pgf@counta=\count304
\c@pgf@countb=\count305
\c@pgf@countc=\count306
\c@pgf@countd=\count307
) (C:\Program Files\MiKTeX\tex/generic/pgf/math\pgfmathparser.code.tex
\pgfmath@dimen=\dimen182
\pgfmath@count=\count308
\pgfmath@box=\box63
\pgfmath@toks=\toks23
\pgfmath@stack@operand=\toks24
\pgfmath@stack@operation=\toks25
) (C:\Program Files\MiKTeX\tex/generic/pgf/math\pgfmathfunctions.code.tex) (C:\Program Files\MiKTeX\tex/generic/pgf/math\pgfmathfunctions.basic.code.tex) (C:\Program Files\MiKTeX\tex/generic/pgf/math\pgfmathfunctions.trigonometric.code.tex) (C:\Program Files\MiKTeX\tex/generic/pgf/math\pgfmathfunctions.random.code.tex) (C:\Program Files\MiKTeX\tex/generic/pgf/math\pgfmathfunctions.comparison.code.tex) (C:\Program Files\MiKTeX\tex/generic/pgf/math\pgfmathfunctions.base.code.tex) (C:\Program Files\MiKTeX\tex/generic/pgf/math\pgfmathfunctions.round.code.tex) (C:\Program Files\MiKTeX\tex/generic/pgf/math\pgfmathfunctions.misc.code.tex) (C:\Program Files\MiKTeX\tex/generic/pgf/math\pgfmathfunctions.integerarithmetics.code.tex) (C:\Program Files\MiKTeX\tex/generic/pgf/math\pgfmathcalc.code.tex) (C:\Program Files\MiKTeX\tex/generic/pgf/math\pgfmathfloat.code.tex
\c@pgfmathroundto@lastzeros=\count309
))) (C:\Program Files\MiKTeX\tex/latex/base\size11.clo
File: size11.clo 2025/01/22 v1.4n Standard LaTeX file (size option)
) (C:\Program Files\MiKTeX\tex/latex/pgf/basiclayer\pgfcore.sty (C:\Program Files\MiKTeX\tex/latex/graphics\graphicx.sty
Package: graphicx 2024/12/31 v1.2e Enhanced LaTeX Graphics (DPC,SPQR)
 (C:\Program Files\MiKTeX\tex/latex/graphics\graphics.sty
Package: graphics 2024/08/06 v1.4g Standard LaTeX Graphics (DPC,SPQR)
 (C:\Program Files\MiKTeX\tex/latex/graphics\trig.sty
Package: trig 2023/12/02 v1.11 sin cos tan (DPC)
) (C:\Program Files\MiKTeX\tex/latex/graphics-cfg\graphics.cfg
File: graphics.cfg 2016/06/04 v1.11 sample graphics configuration
)
Package graphics Info: Driver file: pdftex.def on input line 106.
 (C:\Program Files\MiKTeX\tex/latex/graphics-def\pdftex.def
File: pdftex.def 2025/09/29 v1.2d Graphics/color driver for pdftex
))
\Gin@req@height=\dimen183
\Gin@req@width=\dimen184
) (C:\Program Files\MiKTeX\tex/latex/pgf/systemlayer\pgfsys.sty (C:\Program Files\MiKTeX\tex/generic/pgf/systemlayer\pgfsys.code.tex
Package: pgfsys 2025-08-29 v3.1.11a (3.1.11a)
\pgf@x=\dimen185
\pgf@y=\dimen186
\pgf@xa=\dimen187
\pgf@ya=\dimen188
\pgf@xb=\dimen189
\pgf@yb=\dimen190
\pgf@xc=\dimen191
\pgf@yc=\dimen192
\pgf@xd=\dimen193
\pgf@yd=\dimen194
\w@pgf@writea=\write3
\r@pgf@reada=\read2
\c@pgf@counta=\count310
\c@pgf@countb=\count311
\c@pgf@countc=\count312
\c@pgf@countd=\count313
\t@pgf@toka=\toks26
\t@pgf@tokb=\toks27
\t@pgf@tokc=\toks28
\pgf@sys@id@count=\count314
 (C:\Program Files\MiKTeX\tex/generic/pgf/systemlayer\pgf.cfg
File: pgf.cfg 2025-08-29 v3.1.11a (3.1.11a)
)
Driver file for pgf: pgfsys-pdftex.def
 (C:\Program Files\MiKTeX\tex/generic/pgf/systemlayer\pgfsys-pdftex.def
File: pgfsys-pdftex.def 2025-08-29 v3.1.11a (3.1.11a)
 (C:\Program Files\MiKTeX\tex/generic/pgf/systemlayer\pgfsys-common-pdf.def
File: pgfsys-common-pdf.def 2025-08-29 v3.1.11a (3.1.11a)
))) (C:\Program Files\MiKTeX\tex/generic/pgf/systemlayer\pgfsyssoftpath.code.tex
File: pgfsyssoftpath.code.tex 2025-08-29 v3.1.11a (3.1.11a)
\pgfsyssoftpath@smallbuffer@items=\count315
\pgfsyssoftpath@bigbuffer@items=\count316
) (C:\Program Files\MiKTeX\tex/generic/pgf/systemlayer\pgfsysprotocol.code.tex
File: pgfsysprotocol.code.tex 2025-08-29 v3.1.11a (3.1.11a)
)) (C:\Program Files\MiKTeX\tex/latex/xcolor\xcolor.sty
Package: xcolor 2024/09/29 v3.02 LaTeX color extensions (UK)
 (C:\Program Files\MiKTeX\tex/latex/graphics-cfg\color.cfg
File: color.cfg 2016/01/02 v1.6 sample color configuration
)
Package xcolor Info: Driver file: pdftex.def on input line 274.
 (C:\Program Files\MiKTeX\tex/latex/graphics\mathcolor.ltx)
Package xcolor Info: Model `cmy' substituted by `cmy0' on input line 1349.
Package xcolor Info: Model `hsb' substituted by `rgb' on input line 1353.
Package xcolor Info: Model `RGB' extended on input line 1365.
Package xcolor Info: Model `HTML' substituted by `rgb' on input line 1367.
Package xcolor Info: Model `Hsb' substituted by `hsb' on input line 1368.
Package xcolor Info: Model `tHsb' substituted by `hsb' on input line 1369.
Package xcolor Info: Model `HSB' substituted by `hsb' on input line 1370.
Package xcolor Info: Model `Gray' substituted by `gray' on input line 1371.
Package xcolor Info: Model `wave' substituted by `hsb' on input line 1372.
) (C:\Program Files\MiKTeX\tex/generic/pgf/basiclayer\pgfcore.code.tex
Package: pgfcore 2025-08-29 v3.1.11a (3.1.11a)
 (C:\Program Files\MiKTeX\tex/generic/pgf/math\pgfint.code.tex) (C:\Program Files\MiKTeX\tex/generic/pgf/basiclayer\pgfcorepoints.code.tex
File: pgfcorepoints.code.tex 2025-08-29 v3.1.11a (3.1.11a)
\pgf@picminx=\dimen195
\pgf@picmaxx=\dimen196
\pgf@picminy=\dimen197
\pgf@picmaxy=\dimen198
\pgf@pathminx=\dimen199
\pgf@pathmaxx=\dimen256
\pgf@pathminy=\dimen257
\pgf@pathmaxy=\dimen258
\pgf@xx=\dimen259
\pgf@xy=\dimen260
\pgf@yx=\dimen261
\pgf@yy=\dimen262
\pgf@zx=\dimen263
\pgf@zy=\dimen264
) (C:\Program Files\MiKTeX\tex/generic/pgf/basiclayer\pgfcorepathconstruct.code.tex
File: pgfcorepathconstruct.code.tex 2025-08-29 v3.1.11a (3.1.11a)
\pgf@path@lastx=\dimen265
\pgf@path@lasty=\dimen266
) (C:\Program Files\MiKTeX\tex/generic/pgf/basiclayer\pgfcorepathusage.code.tex
File: pgfcorepathusage.code.tex 2025-08-29 v3.1.11a (3.1.11a)
\pgf@shorten@end@additional=\dimen267
\pgf@shorten@start@additional=\dimen268
) (C:\Program Files\MiKTeX\tex/generic/pgf/basiclayer\pgfcorescopes.code.tex
File: pgfcorescopes.code.tex 2025-08-29 v3.1.11a (3.1.11a)
\pgfpic=\box64
\pgf@hbox=\box65
\pgf@layerbox@main=\box66
\pgf@picture@serial@count=\count317
) (C:\Program Files\MiKTeX\tex/generic/pgf/basiclayer\pgfcoregraphicstate.code.tex
File: pgfcoregraphicstate.code.tex 2025-08-29 v3.1.11a (3.1.11a)
\pgflinewidth=\dimen269
) (C:\Program Files\MiKTeX\tex/generic/pgf/basiclayer\pgfcoretransformations.code.tex
File: pgfcoretransformations.code.tex 2025-08-29 v3.1.11a (3.1.11a)
\pgf@pt@x=\dimen270
\pgf@pt@y=\dimen271
\pgf@pt@temp=\dimen272
) (C:\Program Files\MiKTeX\tex/generic/pgf/basiclayer\pgfcorequick.code.tex
File: pgfcorequick.code.tex 2025-08-29 v3.1.11a (3.1.11a)
) (C:\Program Files\MiKTeX\tex/generic/pgf/basiclayer\pgfcoreobjects.code.tex
File: pgfcoreobjects.code.tex 2025-08-29 v3.1.11a (3.1.11a)
) (C:\Program Files\MiKTeX\tex/generic/pgf/basiclayer\pgfcorepathprocessing.code.tex
File: pgfcorepathprocessing.code.tex 2025-08-29 v3.1.11a (3.1.11a)
) (C:\Program Files\MiKTeX\tex/generic/pgf/basiclayer\pgfcorearrows.code.tex
File: pgfcorearrows.code.tex 2025-08-29 v3.1.11a (3.1.11a)
\pgfarrowsep=\dimen273
) (C:\Program Files\MiKTeX\tex/generic/pgf/basiclayer\pgfcoreshade.code.tex
File: pgfcoreshade.code.tex 2025-08-29 v3.1.11a (3.1.11a)
\pgf@max=\dimen274
\pgf@sys@shading@range@num=\count318
\pgf@shadingcount=\count319
) (C:\Program Files\MiKTeX\tex/generic/pgf/basiclayer\pgfcoreimage.code.tex
File: pgfcoreimage.code.tex 2025-08-29 v3.1.11a (3.1.11a)
) (C:\Program Files\MiKTeX\tex/generic/pgf/basiclayer\pgfcoreexternal.code.tex
File: pgfcoreexternal.code.tex 2025-08-29 v3.1.11a (3.1.11a)
\pgfexternal@startupbox=\box67
) (C:\Program Files\MiKTeX\tex/generic/pgf/basiclayer\pgfcorelayers.code.tex
File: pgfcorelayers.code.tex 2025-08-29 v3.1.11a (3.1.11a)
) (C:\Program Files\MiKTeX\tex/generic/pgf/basiclayer\pgfcoretransparency.code.tex
File: pgfcoretransparency.code.tex 2025-08-29 v3.1.11a (3.1.11a)
) (C:\Program Files\MiKTeX\tex/generic/pgf/basiclayer\pgfcorepatterns.code.tex
File: pgfcorepatterns.code.tex 2025-08-29 v3.1.11a (3.1.11a)
) (C:\Program Files\MiKTeX\tex/generic/pgf/basiclayer\pgfcorerdf.code.tex
File: pgfcorerdf.code.tex 2025-08-29 v3.1.11a (3.1.11a)
))) (C:\Program Files\MiKTeX\tex/latex/pgf/utilities\xxcolor.sty
Package: xxcolor 2003/10/24 ver 0.1
\XC@nummixins=\count320
\XC@countmixins=\count321
) (C:\Program Files\MiKTeX\tex/latex/base\atbegshi-ltx.sty
Package: atbegshi-ltx 2021/01/10 v1.0c Emulation of the original atbegshi
package with kernel methods
) (C:\Program Files\MiKTeX\tex/latex/hyperref\hyperref.sty
Package: hyperref 2025-07-12 v7.01o Hypertext links for LaTeX
 (C:\Program Files\MiKTeX\tex/latex/kvsetkeys\kvsetkeys.sty
Package: kvsetkeys 2022-10-05 v1.19 Key value parser (HO)
) (C:\Program Files\MiKTeX\tex/generic/kvdefinekeys\kvdefinekeys.sty
Package: kvdefinekeys 2019-12-19 v1.6 Define keys (HO)
) (C:\Program Files\MiKTeX\tex/generic/pdfescape\pdfescape.sty
Package: pdfescape 2019/12/09 v1.15 Implements pdfTeX's escape features (HO)
 (C:\Program Files\MiKTeX\tex/generic/ltxcmds\ltxcmds.sty
Package: ltxcmds 2023-12-04 v1.26 LaTeX kernel commands for general use (HO)
) (C:\Program Files\MiKTeX\tex/generic/pdftexcmds\pdftexcmds.sty
Package: pdftexcmds 2020-06-27 v0.33 Utility functions of pdfTeX for LuaTeX (HO)
 (C:\Program Files\MiKTeX\tex/generic/infwarerr\infwarerr.sty
Package: infwarerr 2019/12/03 v1.5 Providing info/warning/error messages (HO)
)
Package pdftexcmds Info: \pdf@primitive is available.
Package pdftexcmds Info: \pdf@ifprimitive is available.
Package pdftexcmds Info: \pdfdraftmode found.
)) (C:\Program Files\MiKTeX\tex/latex/hycolor\hycolor.sty
Package: hycolor 2020-01-27 v1.10 Color options for hyperref/bookmark (HO)
) (C:\Program Files\MiKTeX\tex/latex/hyperref\nameref.sty
Package: nameref 2025-06-21 v2.57 Cross-referencing by name of section
 (C:\Program Files\MiKTeX\tex/latex/refcount\refcount.sty
Package: refcount 2019/12/15 v3.6 Data extraction from label references (HO)
) (C:\Program Files\MiKTeX\tex/generic/gettitlestring\gettitlestring.sty
Package: gettitlestring 2019/12/15 v1.6 Cleanup title references (HO)
 (C:\Program Files\MiKTeX\tex/latex/kvoptions\kvoptions.sty
Package: kvoptions 2022-06-15 v3.15 Key value format for package options (HO)
))
\c@section@level=\count322
) (C:\Program Files\MiKTeX\tex/generic/stringenc\stringenc.sty
Package: stringenc 2019/11/29 v1.12 Convert strings between diff. encodings (HO)
)
\@linkdim=\dimen275
\Hy@linkcounter=\count323
\Hy@pagecounter=\count324
 (C:\Program Files\MiKTeX\tex/latex/hyperref\pd1enc.def
File: pd1enc.def 2025-07-12 v7.01o Hyperref: PDFDocEncoding definition (HO)
Now handling font encoding PD1 ...
... no UTF-8 mapping file for font encoding PD1
) (C:\Program Files\MiKTeX\tex/generic/intcalc\intcalc.sty
Package: intcalc 2019/12/15 v1.3 Expandable calculations with integers (HO)
)
\Hy@SavedSpaceFactor=\count325
 (C:\Program Files\MiKTeX\tex/latex/hyperref\puenc.def
File: puenc.def 2025-07-12 v7.01o Hyperref: PDF Unicode definition (HO)
Now handling font encoding PU ...
... no UTF-8 mapping file for font encoding PU
)
Package hyperref Info: Option `bookmarks' set `true' on input line 4066.
Package hyperref Info: Option `bookmarksopen' set `true' on input line 4066.
Package hyperref Info: Option `implicit' set `false' on input line 4066.
Package hyperref Info: Hyper figures OFF on input line 4195.
Package hyperref Info: Link nesting OFF on input line 4200.
Package hyperref Info: Hyper index ON on input line 4203.
Package hyperref Info: Plain pages OFF on input line 4210.
Package hyperref Info: Backreferencing OFF on input line 4215.
Package hyperref Info: Implicit mode OFF; no redefinition of LaTeX internals.
Package hyperref Info: Bookmarks ON on input line 4462.
\c@Hy@tempcnt=\count326
 (C:\Program Files\MiKTeX\tex/latex/url\url.sty
\Urlmuskip=\muskip17
Package: url 2013/09/16  ver 3.4  Verb mode for urls, etc.
)
LaTeX Info: Redefining \url on input line 4801.
\XeTeXLinkMargin=\dimen276
 (C:\Program Files\MiKTeX\tex/generic/bitset\bitset.sty
Package: bitset 2019/12/09 v1.3 Handle bit-vector datatype (HO)
 (C:\Program Files\MiKTeX\tex/generic/bigintcalc\bigintcalc.sty
Package: bigintcalc 2019/12/15 v1.5 Expandable calculations on big integers (HO)
))
\Fld@menulength=\count327
\Field@Width=\dimen277
\Fld@charsize=\dimen278
Package hyperref Info: Hyper figures OFF on input line 6078.
Package hyperref Info: Link nesting OFF on input line 6083.
Package hyperref Info: Hyper index ON on input line 6086.
Package hyperref Info: backreferencing OFF on input line 6093.
Package hyperref Info: Link coloring OFF on input line 6098.
Package hyperref Info: Link coloring with OCG OFF on input line 6103.
Package hyperref Info: PDF/A mode OFF on input line 6108.
\Hy@abspage=\count328


Package hyperref Message: Stopped early.

)
Package hyperref Info: Driver (autodetected): hpdftex.
 (C:\Program Files\MiKTeX\tex/latex/hyperref\hpdftex.def
File: hpdftex.def 2025-07-12 v7.01o Hyperref driver for pdfTeX
\Fld@listcount=\count329
\c@bookmark@seq@number=\count330
 (C:\Program Files\MiKTeX\tex/latex/rerunfilecheck\rerunfilecheck.sty
Package: rerunfilecheck 2025-06-21 v1.11 Rerun checks for auxiliary files (HO)
 (C:\Program Files\MiKTeX\tex/generic/uniquecounter\uniquecounter.sty
Package: uniquecounter 2019/12/15 v1.4 Provide unlimited unique counter (HO)
)
Package uniquecounter Info: New unique counter `rerunfilecheck' on input line 284.
)) (C:\Program Files\MiKTeX\tex/latex/beamer\beamerbaserequires.sty (C:\Program Files\MiKTeX\tex/latex/beamer\beamerbasecompatibility.sty) (C:\Program Files\MiKTeX\tex/latex/beamer\beamerbasefont.sty (C:\Program Files\MiKTeX\tex/latex/amsfonts\amssymb.sty
Package: amssymb 2013/01/14 v3.01 AMS font symbols
 (C:\Program Files\MiKTeX\tex/latex/amsfonts\amsfonts.sty
Package: amsfonts 2013/01/14 v3.01 Basic AMSFonts support
\@emptytoks=\toks29
\symAMSa=\mathgroup4
\symAMSb=\mathgroup5
LaTeX Font Info:    Redeclaring math symbol \hbar on input line 98.
LaTeX Font Info:    Overwriting math alphabet `\mathfrak' in version `bold'
(Font)                  U/euf/m/n --> U/euf/b/n on input line 106.
)) (C:\Program Files\MiKTeX\tex/latex/sansmathaccent\sansmathaccent.sty
Package: sansmathaccent 2020/01/31
 (C:\Program Files\MiKTeX\tex/latex/koma-script\scrlfile.sty
Package: scrlfile 2026/02/02 v3.49.2 KOMA-Script package (file load hooks)
 (C:\Program Files\MiKTeX\tex/latex/koma-script\scrlfile-hook.sty
Package: scrlfile-hook 2026/02/02 v3.49.2 KOMA-Script package (using LaTeX hooks)
 (C:\Program Files\MiKTeX\tex/latex/koma-script\scrlogo.sty
Package: scrlogo 2026/02/02 v3.49.2 KOMA-Script package (logo)
))))) (C:\Program Files\MiKTeX\tex/latex/beamer\beamerbasetranslator.sty (C:\Program Files\MiKTeX\tex/latex/translator\translator.sty
Package: translator 2021-05-31 v1.12d Easy translation of strings in LaTeX
)) (C:\Program Files\MiKTeX\tex/latex/beamer\beamerbasemisc.sty) (C:\Program Files\MiKTeX\tex/latex/beamer\beamerbasetwoscreens.sty) (C:\Program Files\MiKTeX\tex/latex/beamer\beamerbaseoverlay.sty
\beamer@argscount=\count331
\beamer@lastskipcover=\skip52
\beamer@trivlistdepth=\count332
) (C:\Program Files\MiKTeX\tex/latex/beamer\beamerbasetitle.sty) (C:\Program Files\MiKTeX\tex/latex/beamer\beamerbasesection.sty
\c@lecture=\count333
\c@part=\count334
\c@section=\count335
\c@subsection=\count336
\c@subsubsection=\count337
) (C:\Program Files\MiKTeX\tex/latex/beamer\beamerbaseframe.sty
\beamer@framebox=\box68
\beamer@frametitlebox=\box69
\beamer@zoombox=\box70
\beamer@zoomcount=\count338
\beamer@zoomframecount=\count339
\beamer@frametextheight=\dimen279
\c@subsectionslide=\count340
\beamer@frametopskip=\skip53
\beamer@framebottomskip=\skip54
\beamer@frametopskipautobreak=\skip55
\beamer@framebottomskipautobreak=\skip56
\beamer@envbody=\toks30
\framewidth=\dimen280
\c@framenumber=\count341
) (C:\Program Files\MiKTeX\tex/latex/beamer\beamerbaseverbatim.sty
\beamer@verbatimfileout=\write4
) (C:\Program Files\MiKTeX\tex/latex/beamer\beamerbaseframesize.sty
\beamer@splitbox=\box71
\beamer@autobreakcount=\count342
\beamer@autobreaklastheight=\dimen281
\beamer@frametitletoks=\toks31
\beamer@framesubtitletoks=\toks32
) (C:\Program Files\MiKTeX\tex/latex/beamer\beamerbaseframecomponents.sty
\beamer@colheight=\skip57
\beamer@footins=\box72
) (C:\Program Files\MiKTeX\tex/latex/beamer\beamerbasecolor.sty) (C:\Program Files\MiKTeX\tex/latex/beamer\beamerbasenotes.sty
\beamer@frameboxcopy=\box73
) (C:\Program Files\MiKTeX\tex/latex/beamer\beamerbasetoc.sty) (C:\Program Files\MiKTeX\tex/latex/beamer\beamerbasetemplates.sty
\beamer@sbttoks=\toks33
 (C:\Program Files\MiKTeX\tex/latex/beamer\beamerbaseauxtemplates.sty (C:\Program Files\MiKTeX\tex/latex/beamer\beamerbaseboxes.sty
\bmb@box=\box74
\bmb@colorbox=\box75
\bmb@boxwidth=\dimen282
\bmb@boxheight=\dimen283
\bmb@prevheight=\dimen284
\bmb@temp=\dimen285
\bmb@dima=\dimen286
\bmb@dimb=\dimen287
\bmb@prevheight=\dimen288
)
\beamer@blockheadheight=\dimen289
)) (C:\Program Files\MiKTeX\tex/latex/beamer\beamerbaselocalstructure.sty (C:\Program Files\MiKTeX\tex/latex/tools\enumerate.sty
Package: enumerate 2023/07/04 v3.00 enumerate extensions (DPC)
\@enLab=\toks34
)
\beamer@bibiconwidth=\skip58
\c@figure=\count343
\c@table=\count344
\abovecaptionskip=\skip59
\belowcaptionskip=\skip60
) (C:\Program Files\MiKTeX\tex/latex/beamer\beamerbasenavigation.sty (C:\Program Files\MiKTeX\tex/latex/beamer\beamerbasenavigationsymbols.tex)
\beamer@section@min@dim=\dimen290
) (C:\Program Files\MiKTeX\tex/latex/beamer\beamerbasetheorems.sty (C:\Program Files\MiKTeX\tex/latex/amsmath\amsmath.sty
Package: amsmath 2025/07/09 v2.17z AMS math features
\@mathmargin=\skip61

For additional information on amsmath, use the `?' option.
(C:\Program Files\MiKTeX\tex/latex/amsmath\amstext.sty
Package: amstext 2024/11/17 v2.01 AMS text
 (C:\Program Files\MiKTeX\tex/latex/amsmath\amsgen.sty
File: amsgen.sty 1999/11/30 v2.0 generic functions
\@emptytoks=\toks35
\ex@=\dimen291
)) (C:\Program Files\MiKTeX\tex/latex/amsmath\amsbsy.sty
Package: amsbsy 1999/11/29 v1.2d Bold Symbols
\pmbraise@=\dimen292
) (C:\Program Files\MiKTeX\tex/latex/amsmath\amsopn.sty
Package: amsopn 2022/04/08 v2.04 operator names
)
\inf@bad=\count345
LaTeX Info: Redefining \frac on input line 233.
\uproot@=\count346
\leftroot@=\count347
LaTeX Info: Redefining \overline on input line 398.
LaTeX Info: Redefining \colon on input line 409.
\classnum@=\count348
\DOTSCASE@=\count349
LaTeX Info: Redefining \ldots on input line 495.
LaTeX Info: Redefining \dots on input line 498.
LaTeX Info: Redefining \cdots on input line 619.
\Mathstrutbox@=\box76
\strutbox@=\box77
LaTeX Info: Redefining \big on input line 721.
LaTeX Info: Redefining \Big on input line 722.
LaTeX Info: Redefining \bigg on input line 723.
LaTeX Info: Redefining \Bigg on input line 724.
\big@size=\dimen293
LaTeX Font Info:    Redeclaring font encoding OML on input line 742.
LaTeX Font Info:    Redeclaring font encoding OMS on input line 743.
\macc@depth=\count350
LaTeX Info: Redefining \bmod on input line 904.
LaTeX Info: Redefining \pmod on input line 909.
LaTeX Info: Redefining \smash on input line 939.
LaTeX Info: Redefining \relbar on input line 969.
LaTeX Info: Redefining \Relbar on input line 970.
\c@MaxMatrixCols=\count351
\dotsspace@=\muskip18
\c@parentequation=\count352
\dspbrk@lvl=\count353
\tag@help=\toks36
\row@=\count354
\column@=\count355
\maxfields@=\count356
\andhelp@=\toks37
\eqnshift@=\dimen294
\alignsep@=\dimen295
\tagshift@=\dimen296
\tagwidth@=\dimen297
\totwidth@=\dimen298
\lineht@=\dimen299
\@envbody=\toks38
\multlinegap=\skip62
\multlinetaggap=\skip63
\mathdisplay@stack=\toks39
LaTeX Info: Redefining \[ on input line 2950.
LaTeX Info: Redefining \] on input line 2951.
) (C:\Program Files\MiKTeX\tex/latex/amscls\amsthm.sty
Package: amsthm 2020/05/29 v2.20.6
\thm@style=\toks40
\thm@bodyfont=\toks41
\thm@headfont=\toks42
\thm@notefont=\toks43
\thm@headpunct=\toks44
\thm@preskip=\skip64
\thm@postskip=\skip65
\thm@headsep=\skip66
\dth@everypar=\toks45
)
\c@theorem=\count357
) (C:\Program Files\MiKTeX\tex/latex/beamer\beamerbasethemes.sty)) (C:\Program Files\MiKTeX\tex/latex/beamer\beamerthemedefault.sty (C:\Program Files\MiKTeX\tex/latex/beamer\beamerfontthemedefault.sty) (C:\Program Files\MiKTeX\tex/latex/beamer\beamercolorthemedefault.sty) (C:\Program Files\MiKTeX\tex/latex/beamer\beamerinnerthemedefault.sty
\beamer@dima=\dimen300
\beamer@dimb=\dimen301
) (C:\Program Files\MiKTeX\tex/latex/beamer\beamerouterthemedefault.sty))) (C:\Program Files\MiKTeX\tex/latex/beamer\beamerthemeBoadilla.sty (C:\Program Files\MiKTeX\tex/latex/beamer\beamercolorthemerose.sty) (C:\Program Files\MiKTeX\tex/latex/beamer\beamerinnerthemerounded.sty) (C:\Program Files\MiKTeX\tex/latex/beamer\beamercolorthemedolphin.sty) (C:\Program Files\MiKTeX\tex/latex/beamer\beamerouterthemeinfolines.sty)) (C:\Program Files\MiKTeX\tex/latex/pgf/frontendlayer\tikz.sty (C:\Program Files\MiKTeX\tex/latex/pgf/basiclayer\pgf.sty
Package: pgf 2025-08-29 v3.1.11a (3.1.11a)
 (C:\Program Files\MiKTeX\tex/generic/pgf/modules\pgfmoduleshapes.code.tex
File: pgfmoduleshapes.code.tex 2025-08-29 v3.1.11a (3.1.11a)
\pgfnodeparttextbox=\box78
) (C:\Program Files\MiKTeX\tex/generic/pgf/modules\pgfmoduleplot.code.tex
File: pgfmoduleplot.code.tex 2025-08-29 v3.1.11a (3.1.11a)
) (C:\Program Files\MiKTeX\tex/latex/pgf/compatibility\pgfcomp-version-0-65.sty
Package: pgfcomp-version-0-65 2025-08-29 v3.1.11a (3.1.11a)
\pgf@nodesepstart=\dimen302
\pgf@nodesepend=\dimen303
) (C:\Program Files\MiKTeX\tex/latex/pgf/compatibility\pgfcomp-version-1-18.sty
Package: pgfcomp-version-1-18 2025-08-29 v3.1.11a (3.1.11a)
)) (C:\Program Files\MiKTeX\tex/latex/pgf/utilities\pgffor.sty (C:\Program Files\MiKTeX\tex/generic/pgf/utilities\pgffor.code.tex
Package: pgffor 2025-08-29 v3.1.11a (3.1.11a)
\pgffor@iter=\dimen304
\pgffor@skip=\dimen305
\pgffor@stack=\toks46
\pgffor@toks=\toks47
)) (C:\Program Files\MiKTeX\tex/generic/pgf/frontendlayer/tikz\tikz.code.tex
Package: tikz 2025-08-29 v3.1.11a (3.1.11a)
 (C:\Program Files\MiKTeX\tex/generic/pgf/libraries\pgflibraryplothandlers.code.tex
File: pgflibraryplothandlers.code.tex 2025-08-29 v3.1.11a (3.1.11a)
\pgf@plot@mark@count=\count358
\pgfplotmarksize=\dimen306
)
\tikz@lastx=\dimen307
\tikz@lasty=\dimen308
\tikz@lastxsaved=\dimen309
\tikz@lastysaved=\dimen310
\tikz@lastmovetox=\dimen311
\tikz@lastmovetoy=\dimen312
\tikzleveldistance=\dimen313
\tikzsiblingdistance=\dimen314
\tikz@figbox=\box79
\tikz@figbox@bg=\box80
\tikz@tempbox=\box81
\tikz@tempbox@bg=\box82
\tikztreelevel=\count359
\tikznumberofchildren=\count360
\tikznumberofcurrentchild=\count361
\tikz@fig@count=\count362
 (C:\Program Files\MiKTeX\tex/generic/pgf/modules\pgfmodulematrix.code.tex
File: pgfmodulematrix.code.tex 2025-08-29 v3.1.11a (3.1.11a)
\pgfmatrixcurrentrow=\count363
\pgfmatrixcurrentcolumn=\count364
\pgf@matrix@numberofcolumns=\count365
)
\tikz@expandcount=\count366
 (C:\Program Files\MiKTeX\tex/generic/pgf/frontendlayer/tikz/libraries\tikzlibrarytopaths.code.tex
File: tikzlibrarytopaths.code.tex 2025-08-29 v3.1.11a (3.1.11a)
))) (C:\Program Files\MiKTeX\tex/latex/caption\caption.sty
Package: caption 2023/08/05 v3.6o Customizing captions (AR)
 (C:\Program Files\MiKTeX\tex/latex/caption\caption3.sty
Package: caption3 2023/07/31 v2.4d caption3 kernel (AR)
\caption@tempdima=\dimen315
\captionmargin=\dimen316
\caption@leftmargin=\dimen317
\caption@rightmargin=\dimen318
\caption@width=\dimen319
\caption@indent=\dimen320
\caption@parindent=\dimen321
\caption@hangindent=\dimen322
Package caption Info: beamer document class detected.
 (C:\Program Files\MiKTeX\tex/latex/caption\caption-beamer.sto
File: caption-beamer.sto 2022/01/06 v2.0c Adaption of the caption package to the beamer document classes (AR)
))
\c@caption@flags=\count367
\c@continuedfloat=\count368
Package caption Info: hyperref package is loaded.
Package caption Info: Hyperref support is turned off
(caption)             because hyperref has stopped early.
) (C:\Program Files\MiKTeX\tex/latex/mathabx\mathabx.sty
Package: mathabx 2003/07/29 v0.0 Non-standard LaTeX package mathabx
\symmatha=\mathgroup6
\symmathb=\mathgroup7
\symmathx=\mathgroup8
 (C:\Program Files\MiKTeX\tex/generic/mathabx\mathabx.dcl
LaTeX Font Info:    Redeclaring math symbol \cdotp on input line 25.
LaTeX Font Info:    Redeclaring math symbol \times on input line 33.
LaTeX Font Info:    Redeclaring math symbol \div on input line 34.
LaTeX Font Info:    Redeclaring math symbol \cdot on input line 35.
LaTeX Font Info:    Redeclaring math symbol \circ on input line 36.
LaTeX Font Info:    Redeclaring math symbol \ast on input line 38.
LaTeX Font Info:    Redeclaring math symbol \pm on input line 41.
LaTeX Font Info:    Redeclaring math symbol \mp on input line 42.
LaTeX Font Info:    Redeclaring math symbol \ltimes on input line 43.
LaTeX Font Info:    Redeclaring math symbol \rtimes on input line 44.
LaTeX Font Info:    Redeclaring math symbol \diamond on input line 45.
LaTeX Font Info:    Redeclaring math symbol \bullet on input line 46.
LaTeX Font Info:    Redeclaring math symbol \star on input line 47.
LaTeX Font Info:    Redeclaring math symbol \amalg on input line 51.
LaTeX Font Info:    Redeclaring math symbol \dotplus on input line 58.
LaTeX Font Info:    Redeclaring math symbol \square on input line 63.
LaTeX Font Info:    Redeclaring math symbol \divideontimes on input line 71.
LaTeX Font Info:    Redeclaring math symbol \bigstar on input line 75.
LaTeX Font Info:    Redeclaring math symbol \equiv on input line 83.
LaTeX Font Info:    Redeclaring math symbol \sim on input line 84.
LaTeX Font Info:    Redeclaring math symbol \approx on input line 85.
LaTeX Font Info:    Redeclaring math symbol \simeq on input line 86.
LaTeX Font Info:    Redeclaring math symbol \asymp on input line 89.
LaTeX Font Info:    Redeclaring math symbol \nsim on input line 97.
LaTeX Font Info:    Redeclaring math symbol \ncong on input line 100.
LaTeX Font Info:    Redeclaring math symbol \risingdotseq on input line 118.
LaTeX Font Info:    Redeclaring math symbol \fallingdotseq on input line 119.
LaTeX Font Info:    Redeclaring math symbol \circeq on input line 125.
LaTeX Font Info:    Redeclaring math symbol \eqcirc on input line 126.
LaTeX Font Info:    Redeclaring math symbol \triangleq on input line 127.
LaTeX Font Info:    Redeclaring math symbol \neg on input line 134.
LaTeX Font Info:    Redeclaring math symbol \ll on input line 136.
LaTeX Font Info:    Redeclaring math symbol \gg on input line 137.
LaTeX Font Info:    Redeclaring math symbol \vdash on input line 139.
LaTeX Font Info:    Redeclaring math symbol \dashv on input line 140.
LaTeX Font Info:    Redeclaring math symbol \nvdash on input line 141.
LaTeX Font Info:    Redeclaring math symbol \vDash on input line 143.
LaTeX Font Info:    Redeclaring math symbol \nvDash on input line 145.
LaTeX Font Info:    Redeclaring math symbol \Vdash on input line 147.
LaTeX Font Info:    Redeclaring math symbol \nVdash on input line 149.
LaTeX Font Info:    Redeclaring math symbol \flat on input line 158.
LaTeX Font Info:    Redeclaring math symbol \natural on input line 159.
LaTeX Font Info:    Redeclaring math symbol \sharp on input line 160.
LaTeX Font Info:    Redeclaring math symbol \infty on input line 161.
LaTeX Font Info:    Redeclaring math symbol \propto on input line 162.
LaTeX Font Info:    Redeclaring math symbol \dagger on input line 163.
LaTeX Font Info:    Redeclaring math symbol \ddagger on input line 164.
LaTeX Font Info:    Redeclaring math symbol \between on input line 170.
LaTeX Font Info:    Redeclaring math symbol \smile on input line 171.
LaTeX Font Info:    Redeclaring math symbol \frown on input line 172.
LaTeX Font Info:    Redeclaring math symbol \leftthreetimes on input line 174.
LaTeX Font Info:    Redeclaring math symbol \rightthreetimes on input line 175.
LaTeX Font Info:    Redeclaring math symbol \pitchfork on input line 176.
LaTeX Font Info:    Redeclaring math symbol \nVDash on input line 182.
LaTeX Font Info:    Redeclaring math symbol \Vvdash on input line 184.
LaTeX Font Info:    Redeclaring math symbol \therefore on input line 189.
LaTeX Font Info:    Redeclaring math symbol \because on input line 190.
LaTeX Font Info:    Redeclaring math accent \dot on input line 193.
LaTeX Font Info:    Redeclaring math accent \ddot on input line 195.
LaTeX Font Info:    Redeclaring math symbol \measuredangle on input line 202.
LaTeX Font Info:    Redeclaring math symbol \sphericalangle on input line 203.
LaTeX Font Info:    Redeclaring math symbol \setminus on input line 218.
LaTeX Font Info:    Redeclaring math symbol \mid on input line 222.
LaTeX Font Info:    Redeclaring math symbol \forall on input line 279.
LaTeX Font Info:    Redeclaring math symbol \complement on input line 280.
LaTeX Font Info:    Redeclaring math symbol \partial on input line 281.
LaTeX Font Info:    Redeclaring math symbol \exists on input line 284.
LaTeX Font Info:    Redeclaring math symbol \nexists on input line 285.
LaTeX Font Info:    Redeclaring math symbol \Finv on input line 286.
LaTeX Font Info:    Redeclaring math symbol \Game on input line 287.
LaTeX Font Info:    Redeclaring math symbol \emptyset on input line 288.
LaTeX Font Info:    Redeclaring math symbol \top on input line 290.
LaTeX Font Info:    Redeclaring math symbol \bot on input line 291.
LaTeX Font Info:    Redeclaring math symbol \perp on input line 292.
LaTeX Font Info:    Redeclaring math symbol \curlywedge on input line 296.
LaTeX Font Info:    Redeclaring math symbol \curlyvee on input line 297.
LaTeX Font Info:    Redeclaring math symbol \in on input line 299.
LaTeX Font Info:    Redeclaring math symbol \owns on input line 300.
LaTeX Font Info:    Redeclaring math symbol \cap on input line 312.
LaTeX Font Info:    Redeclaring math symbol \cup on input line 313.
LaTeX Font Info:    Redeclaring math symbol \uplus on input line 314.
LaTeX Font Info:    Redeclaring math symbol \sqcap on input line 315.
LaTeX Font Info:    Redeclaring math symbol \sqcup on input line 316.
LaTeX Font Info:    Redeclaring math symbol \wedge on input line 318.
LaTeX Font Info:    Redeclaring math symbol \vee on input line 320.
LaTeX Font Info:    Redeclaring math symbol \barwedge on input line 327.
LaTeX Font Info:    Redeclaring math symbol \veebar on input line 328.
LaTeX Font Info:    Redeclaring math symbol \doublebarwedge on input line 329.
LaTeX Font Info:    Redeclaring math symbol \doublecap on input line 331.
LaTeX Font Info:    Redeclaring math symbol \doublecup on input line 333.
LaTeX Font Info:    Redeclaring math symbol \subset on input line 344.
LaTeX Font Info:    Redeclaring math symbol \supset on input line 345.
LaTeX Font Info:    Redeclaring math symbol \subseteq on input line 348.
LaTeX Font Info:    Redeclaring math symbol \supseteq on input line 349.
LaTeX Font Info:    Redeclaring math symbol \nsubseteq on input line 350.
LaTeX Font Info:    Redeclaring math symbol \nsupseteq on input line 351.
LaTeX Font Info:    Redeclaring math symbol \subsetneq on input line 352.
LaTeX Font Info:    Redeclaring math symbol \supsetneq on input line 353.
LaTeX Font Info:    Redeclaring math symbol \varsubsetneq on input line 354.
LaTeX Font Info:    Redeclaring math symbol \varsupsetneq on input line 355.
LaTeX Font Info:    Redeclaring math symbol \subseteqq on input line 357.
LaTeX Font Info:    Redeclaring math symbol \supseteqq on input line 358.
LaTeX Font Info:    Redeclaring math symbol \nsubseteqq on input line 359.
LaTeX Font Info:    Redeclaring math symbol \nsupseteqq on input line 360.
LaTeX Font Info:    Redeclaring math symbol \subsetneqq on input line 361.
LaTeX Font Info:    Redeclaring math symbol \supsetneqq on input line 362.
LaTeX Font Info:    Redeclaring math symbol \varsubsetneqq on input line 363.
LaTeX Font Info:    Redeclaring math symbol \varsupsetneqq on input line 364.
LaTeX Font Info:    Redeclaring math symbol \Subset on input line 366.
LaTeX Font Info:    Redeclaring math symbol \Supset on input line 367.
LaTeX Font Info:    Redeclaring math symbol \sqsubseteq on input line 380.
LaTeX Font Info:    Redeclaring math symbol \sqsupseteq on input line 381.
LaTeX Font Info:    Redeclaring math symbol \triangleleft on input line 407.
LaTeX Font Info:    Redeclaring math symbol \vartriangleleft on input line 408.
LaTeX Font Info:    Redeclaring math symbol \triangleright on input line 409.
LaTeX Font Info:    Redeclaring math symbol \vartriangleright on input line 410.
LaTeX Font Info:    Redeclaring math symbol \ntriangleleft on input line 411.
LaTeX Font Info:    Redeclaring math symbol \ntriangleright on input line 412.
LaTeX Font Info:    Redeclaring math symbol \trianglelefteq on input line 413.
LaTeX Font Info:    Redeclaring math symbol \trianglerighteq on input line 414.
LaTeX Font Info:    Redeclaring math symbol \ntrianglelefteq on input line 415.
LaTeX Font Info:    Redeclaring math symbol \ntrianglerighteq on input line 416.
LaTeX Font Info:    Redeclaring math symbol \blacktriangledown on input line 427.
LaTeX Font Info:    Redeclaring math symbol \blacktriangleleft on input line 428.
LaTeX Font Info:    Redeclaring math symbol \blacktriangleright on input line 429.
LaTeX Font Info:    Redeclaring math symbol \nless on input line 437.
LaTeX Font Info:    Redeclaring math symbol \ngtr on input line 438.
LaTeX Font Info:    Redeclaring math symbol \leq on input line 439.
LaTeX Font Info:    Redeclaring math symbol \geq on input line 441.
LaTeX Font Info:    Redeclaring math symbol \nleq on input line 443.
LaTeX Font Info:    Redeclaring math symbol \ngeq on input line 445.
LaTeX Font Info:    Redeclaring math symbol \lneq on input line 451.
LaTeX Font Info:    Redeclaring math symbol \gneq on input line 452.
LaTeX Font Info:    Redeclaring math symbol \leqq on input line 453.
LaTeX Font Info:    Redeclaring math symbol \geqq on input line 454.
LaTeX Font Info:    Redeclaring math symbol \nleqq on input line 455.
LaTeX Font Info:    Redeclaring math symbol \ngeqq on input line 456.
LaTeX Font Info:    Redeclaring math symbol \lneqq on input line 457.
LaTeX Font Info:    Redeclaring math symbol \gneqq on input line 458.
LaTeX Font Info:    Redeclaring math symbol \lvertneqq on input line 459.
LaTeX Font Info:    Redeclaring math symbol \gvertneqq on input line 460.
LaTeX Font Info:    Redeclaring math symbol \eqslantless on input line 461.
LaTeX Font Info:    Redeclaring math symbol \eqslantgtr on input line 462.
LaTeX Font Info:    Redeclaring math symbol \lessgtr on input line 465.
LaTeX Font Info:    Redeclaring math symbol \gtrless on input line 466.
LaTeX Font Info:    Redeclaring math symbol \lesseqgtr on input line 467.
LaTeX Font Info:    Redeclaring math symbol \gtreqless on input line 468.
LaTeX Font Info:    Redeclaring math symbol \lesseqqgtr on input line 469.
LaTeX Font Info:    Redeclaring math symbol \gtreqqless on input line 470.
LaTeX Font Info:    Redeclaring math symbol \lesssim on input line 472.
LaTeX Font Info:    Redeclaring math symbol \gtrsim on input line 473.
LaTeX Font Info:    Redeclaring math symbol \lnsim on input line 476.
LaTeX Font Info:    Redeclaring math symbol \gnsim on input line 477.
LaTeX Font Info:    Redeclaring math symbol \lessapprox on input line 478.
LaTeX Font Info:    Redeclaring math symbol \gtrapprox on input line 479.
LaTeX Font Info:    Redeclaring math symbol \lnapprox on input line 482.
LaTeX Font Info:    Redeclaring math symbol \gnapprox on input line 483.
LaTeX Font Info:    Redeclaring math symbol \lessdot on input line 485.
LaTeX Font Info:    Redeclaring math symbol \gtrdot on input line 486.
LaTeX Font Info:    Redeclaring math symbol \lll on input line 488.
LaTeX Font Info:    Redeclaring math symbol \ggg on input line 489.
LaTeX Font Info:    Redeclaring math symbol \prec on input line 498.
LaTeX Font Info:    Redeclaring math symbol \succ on input line 499.
LaTeX Font Info:    Redeclaring math symbol \nprec on input line 500.
LaTeX Font Info:    Redeclaring math symbol \nsucc on input line 501.
LaTeX Font Info:    Redeclaring math symbol \preccurlyeq on input line 502.
LaTeX Font Info:    Redeclaring math symbol \succcurlyeq on input line 503.
LaTeX Font Info:    Redeclaring math symbol \preceq on input line 506.
LaTeX Font Info:    Redeclaring math symbol \succeq on input line 507.
LaTeX Font Info:    Redeclaring math symbol \npreceq on input line 508.
LaTeX Font Info:    Redeclaring math symbol \nsucceq on input line 509.
LaTeX Font Info:    Redeclaring math symbol \curlyeqprec on input line 512.
LaTeX Font Info:    Redeclaring math symbol \curlyeqsucc on input line 513.
LaTeX Font Info:    Redeclaring math symbol \precsim on input line 517.
LaTeX Font Info:    Redeclaring math symbol \succsim on input line 518.
LaTeX Font Info:    Redeclaring math symbol \precnsim on input line 521.
LaTeX Font Info:    Redeclaring math symbol \succnsim on input line 522.
LaTeX Font Info:    Redeclaring math symbol \precapprox on input line 523.
LaTeX Font Info:    Redeclaring math symbol \succapprox on input line 524.
LaTeX Font Info:    Redeclaring math symbol \precnapprox on input line 527.
LaTeX Font Info:    Redeclaring math symbol \succnapprox on input line 528.
LaTeX Font Info:    Redeclaring math symbol \leftarrow on input line 540.
LaTeX Font Info:    Redeclaring math symbol \rightarrow on input line 542.
LaTeX Font Info:    Redeclaring math symbol \nwarrow on input line 546.
LaTeX Font Info:    Redeclaring math symbol \nearrow on input line 547.
LaTeX Font Info:    Redeclaring math symbol \swarrow on input line 548.
LaTeX Font Info:    Redeclaring math symbol \searrow on input line 549.
LaTeX Font Info:    Redeclaring math symbol \leftrightarrow on input line 550.
LaTeX Font Info:    Redeclaring math symbol \nleftarrow on input line 552.
LaTeX Font Info:    Redeclaring math symbol \nrightarrow on input line 553.
LaTeX Font Info:    Redeclaring math symbol \nleftrightarrow on input line 554.
LaTeX Font Info:    Redeclaring math symbol \mapstochar on input line 557.
LaTeX Font Info:    Redeclaring math symbol \leftharpoonup on input line 560.
LaTeX Font Info:    Redeclaring math symbol \rightharpoonup on input line 561.
LaTeX Font Info:    Redeclaring math symbol \leftharpoondown on input line 562.
LaTeX Font Info:    Redeclaring math symbol \rightharpoondown on input line 563.
LaTeX Font Info:    Redeclaring math symbol \upharpoonleft on input line 564.
LaTeX Font Info:    Redeclaring math symbol \downharpoonleft on input line 565.
LaTeX Font Info:    Redeclaring math symbol \upharpoonright on input line 566.
LaTeX Font Info:    Redeclaring math symbol \restriction on input line 567.
LaTeX Font Info:    Redeclaring math symbol \downharpoonright on input line 568.
LaTeX Font Info:    Redeclaring math symbol \leftrightharpoons on input line 569.
LaTeX Font Info:    Redeclaring math symbol \Leftarrow on input line 575.
LaTeX Font Info:    Redeclaring math symbol \Rightarrow on input line 576.
LaTeX Font Info:    Redeclaring math symbol \Leftrightarrow on input line 579.
LaTeX Font Info:    Redeclaring math symbol \nLeftarrow on input line 581.
LaTeX Font Info:    Redeclaring math symbol \nRightarrow on input line 582.
LaTeX Font Info:    Redeclaring math symbol \nLeftrightarrow on input line 583.
LaTeX Font Info:    Redeclaring math symbol \leftleftarrows on input line 593.
LaTeX Font Info:    Redeclaring math symbol \rightrightarrows on input line 594.
LaTeX Font Info:    Redeclaring math symbol \upuparrows on input line 595.
LaTeX Font Info:    Redeclaring math symbol \downdownarrows on input line 596.
LaTeX Font Info:    Redeclaring math symbol \leftrightarrows on input line 597.
LaTeX Font Info:    Redeclaring math symbol \rightleftarrows on input line 598.
LaTeX Font Info:    Redeclaring math symbol \rhook on input line 612.
LaTeX Font Info:    Redeclaring math symbol \lhook on input line 613.
LaTeX Font Info:    Redeclaring math symbol \diagup on input line 614.
LaTeX Font Info:    Redeclaring math symbol \diagdown on input line 615.
LaTeX Font Info:    Redeclaring math symbol \Lsh on input line 617.
LaTeX Font Info:    Redeclaring math symbol \Rsh on input line 619.
LaTeX Font Info:    Redeclaring math symbol \looparrowleft on input line 624.
LaTeX Font Info:    Redeclaring math symbol \looparrowright on input line 626.
LaTeX Font Info:    Redeclaring math symbol \curvearrowleft on input line 631.
LaTeX Font Info:    Redeclaring math symbol \curvearrowright on input line 633.
LaTeX Font Info:    Redeclaring math symbol \circlearrowleft on input line 641.
LaTeX Font Info:    Redeclaring math symbol \circlearrowright on input line 642.
LaTeX Font Info:    Redeclaring math symbol \rightsquigarrow on input line 645.
LaTeX Font Info:    Redeclaring math symbol \leftrightsquigarrow on input line 646.
LaTeX Font Info:    Redeclaring math symbol \oplus on input line 658.
LaTeX Font Info:    Redeclaring math symbol \ominus on input line 659.
LaTeX Font Info:    Redeclaring math symbol \otimes on input line 661.
LaTeX Font Info:    Redeclaring math symbol \odot on input line 663.
LaTeX Font Info:    Redeclaring math symbol \oslash on input line 675.
LaTeX Font Info:    Redeclaring math symbol \boxplus on input line 683.
LaTeX Font Info:    Redeclaring math symbol \boxminus on input line 684.
LaTeX Font Info:    Redeclaring math symbol \boxtimes on input line 686.
LaTeX Font Info:    Redeclaring math symbol \boxdot on input line 688.
\mayacnter=\count369
\mayacnta=\count370
\mayacntb=\count371
\mayacntc=\count372
\mayawidth=\dimen323
LaTeX Font Info:    Redeclaring math symbol \intop on input line 753.
LaTeX Font Info:    Redeclaring math symbol \ointop on input line 760.
LaTeX Font Info:    Redeclaring math delimiter \lbrace on input line 842.
LaTeX Info: Redefining \{ on input line 846.
LaTeX Font Info:    Redeclaring math delimiter \rbrace on input line 848.
LaTeX Info: Redefining \} on input line 852.
LaTeX Font Info:    Redeclaring math delimiter \langle on input line 858.
LaTeX Font Info:    Redeclaring math delimiter \rangle on input line 859.
LaTeX Font Info:    Redeclaring math delimiter \vert on input line 863.
LaTeX Font Info:    Redeclaring math delimiter \Vert on input line 865.
LaTeX Font Info:    Redeclaring math delimiter \uparrow on input line 868.
LaTeX Font Info:    Redeclaring math delimiter \downarrow on input line 869.
LaTeX Font Info:    Redeclaring math delimiter \updownarrow on input line 870.
LaTeX Font Info:    Redeclaring math delimiter \Uparrow on input line 871.
LaTeX Font Info:    Redeclaring math delimiter \Downarrow on input line 872.
LaTeX Font Info:    Redeclaring math delimiter \Updownarrow on input line 873.
LaTeX Font Info:    Redeclaring math delimiter \lgroup on input line 880.
LaTeX Font Info:    Redeclaring math delimiter \rgroup on input line 881.
LaTeX Font Info:    Redeclaring math delimiter \lceil on input line 882.
LaTeX Font Info:    Redeclaring math delimiter \rceil on input line 883.
LaTeX Font Info:    Redeclaring math delimiter \lfloor on input line 884.
LaTeX Font Info:    Redeclaring math delimiter \rfloor on input line 885.
LaTeX Font Info:    Redeclaring math symbol \braceld on input line 903.
LaTeX Font Info:    Redeclaring math symbol \bracerd on input line 905.
LaTeX Font Info:    Redeclaring math symbol \bracelu on input line 907.
LaTeX Font Info:    Redeclaring math symbol \braceru on input line 909.
LaTeX Font Info:    Redeclaring math accent \widehat on input line 944.
LaTeX Font Info:    Redeclaring math accent \widetilde on input line 946.
)) (C:\Program Files\MiKTeX\tex/generic/pgf/frontendlayer/tikz/libraries/graphs\tikzlibrarygraphs.code.tex
File: tikzlibrarygraphs.code.tex 2025-08-29 v3.1.11a (3.1.11a)
\tikz@lib@auto@number=\count373
\tikz@qnode@count=\count374
) (C:\Program Files\MiKTeX\tex/generic/pgf/frontendlayer/tikz/libraries/graphs\tikzlibrarygraphs.standard.code.tex
File: tikzlibrarygraphs.standard.code.tex 2025-08-29 v3.1.11a (3.1.11a)
) (C:\Program Files\MiKTeX\tex/latex/base\fontenc.sty
Package: fontenc 2025/07/18 v2.1d Standard LaTeX package
) (C:\Program Files\MiKTeX\tex/latex/ltxmisc\concrete.sty
Package: concrete 1996/10/08
 (C:\Program Files\MiKTeX\tex/latex/beton\beton.sty
Package: beton 1995/03/05 v1.3

Package: `beton' v1.3 <1995/03/05> (FJ)
LaTeX Info: Redefining \oldstylenums on input line 56.
) (C:\Program Files\MiKTeX\tex/latex/euler\euler.sty
Package: euler 1995/03/05 v2.5

Package: `euler' v2.5 <1995/03/05> (FJ and FMi)
LaTeX Font Info:    Redeclaring symbol font `letters' on input line 35.
LaTeX Font Info:    Encoding `OML' has changed to `U' for symbol font
(Font)              `letters' in the math version `normal' on input line 35.
LaTeX Font Info:    Overwriting symbol font `letters' in version `normal'
(Font)                  OML/cmm/m/it --> U/eur/m/n on input line 35.
LaTeX Font Info:    Encoding `OML' has changed to `U' for symbol font
(Font)              `letters' in the math version `bold' on input line 35.
LaTeX Font Info:    Overwriting symbol font `letters' in version `bold'
(Font)                  OML/cmm/b/it --> U/eur/m/n on input line 35.
LaTeX Font Info:    Overwriting symbol font `letters' in version `bold'
(Font)                  U/eur/m/n --> U/eur/b/n on input line 36.
LaTeX Font Info:    Redeclaring math symbol \Gamma on input line 47.
LaTeX Font Info:    Redeclaring math symbol \Delta on input line 48.
LaTeX Font Info:    Redeclaring math symbol \Theta on input line 49.
LaTeX Font Info:    Redeclaring math symbol \Lambda on input line 50.
LaTeX Font Info:    Redeclaring math symbol \Xi on input line 51.
LaTeX Font Info:    Redeclaring math symbol \Pi on input line 52.
LaTeX Font Info:    Redeclaring math symbol \Sigma on input line 53.
LaTeX Font Info:    Redeclaring math symbol \Upsilon on input line 54.
LaTeX Font Info:    Redeclaring math symbol \Phi on input line 55.
LaTeX Font Info:    Redeclaring math symbol \Psi on input line 56.
LaTeX Font Info:    Redeclaring math symbol \Omega on input line 57.
\symEulerFraktur=\mathgroup9
LaTeX Font Info:    Overwriting symbol font `EulerFraktur' in version `bold'
(Font)                  U/euf/m/n --> U/euf/b/n on input line 63.
LaTeX Font Info:    Redeclaring math alphabet \mathfrak on input line 64.
LaTeX Info: Redefining \oldstylenums on input line 85.
\symEulerScript=\mathgroup10
LaTeX Font Info:    Overwriting symbol font `EulerScript' in version `bold'
(Font)                  U/eus/m/n --> U/eus/b/n on input line 93.
LaTeX Font Info:    Redeclaring math symbol \aleph on input line 97.
LaTeX Font Info:    Redeclaring math symbol \Re on input line 98.
LaTeX Font Info:    Redeclaring math symbol \Im on input line 99.
LaTeX Font Info:    Redeclaring math delimiter \vert on input line 101.
LaTeX Font Info:    Redeclaring math delimiter \backslash on input line 103.
LaTeX Font Info:    Redeclaring math symbol \neg on input line 106.
LaTeX Font Info:    Redeclaring math symbol \wedge on input line 108.
LaTeX Font Info:    Redeclaring math symbol \vee on input line 110.
LaTeX Font Info:    Redeclaring math symbol \setminus on input line 112.
LaTeX Font Info:    Redeclaring math symbol \sim on input line 113.
LaTeX Font Info:    Redeclaring math symbol \mid on input line 114.
LaTeX Font Info:    Redeclaring math delimiter \arrowvert on input line 116.
LaTeX Font Info:    Redeclaring math symbol \mathsection on input line 117.
\symEulerExtension=\mathgroup11
LaTeX Font Info:    Redeclaring math symbol \coprod@ on input line 125.
LaTeX Font Info:    Redeclaring math symbol \prod@ on input line 125.
LaTeX Font Info:    Redeclaring math symbol \sum@ on input line 125.
LaTeX Font Info:    Redeclaring math symbol \intop on input line 130.
LaTeX Font Info:    Redeclaring math symbol \ointop on input line 131.
LaTeX Font Info:    Redeclaring math symbol \braceld on input line 132.
LaTeX Font Info:    Redeclaring math symbol \bracerd on input line 133.
LaTeX Font Info:    Redeclaring math symbol \bracelu on input line 134.
LaTeX Font Info:    Redeclaring math symbol \braceru on input line 135.
LaTeX Font Info:    Redeclaring math symbol \infty on input line 136.
LaTeX Font Info:    Redeclaring math symbol \nearrow on input line 153.
LaTeX Font Info:    Redeclaring math symbol \searrow on input line 154.
LaTeX Font Info:    Redeclaring math symbol \nwarrow on input line 155.
LaTeX Font Info:    Redeclaring math symbol \swarrow on input line 156.
LaTeX Font Info:    Redeclaring math symbol \Leftrightarrow on input line 157.
LaTeX Font Info:    Redeclaring math symbol \Leftarrow on input line 158.
LaTeX Font Info:    Redeclaring math symbol \Rightarrow on input line 159.
LaTeX Font Info:    Redeclaring math symbol \leftrightarrow on input line 160.
LaTeX Font Info:    Redeclaring math symbol \leftarrow on input line 161.
LaTeX Font Info:    Redeclaring math symbol \rightarrow on input line 163.
LaTeX Font Info:    Redeclaring math delimiter \uparrow on input line 166.
LaTeX Font Info:    Redeclaring math delimiter \downarrow on input line 168.
LaTeX Font Info:    Redeclaring math delimiter \updownarrow on input line 170.
LaTeX Font Info:    Redeclaring math delimiter \Uparrow on input line 172.
LaTeX Font Info:    Redeclaring math delimiter \Downarrow on input line 174.
LaTeX Font Info:    Redeclaring math delimiter \Updownarrow on input line 176.
LaTeX Font Info:    Redeclaring math symbol \leftharpoonup on input line 177.
LaTeX Font Info:    Redeclaring math symbol \leftharpoondown on input line 178.
LaTeX Font Info:    Redeclaring math symbol \rightharpoonup on input line 179.
LaTeX Font Info:    Redeclaring math symbol \rightharpoondown on input line 180.
LaTeX Font Info:    Redeclaring math delimiter \lbrace on input line 182.
LaTeX Font Info:    Redeclaring math delimiter \rbrace on input line 184.
\symcmmigroup=\mathgroup12
LaTeX Font Info:    Overwriting symbol font `cmmigroup' in version `bold'
(Font)                  OML/cmm/m/it --> OML/cmm/b/it on input line 200.
LaTeX Font Info:    Redeclaring math accent \vec on input line 201.
LaTeX Font Info:    Redeclaring math symbol \triangleleft on input line 202.
LaTeX Font Info:    Redeclaring math symbol \triangleright on input line 203.
LaTeX Font Info:    Redeclaring math symbol \star on input line 204.
LaTeX Font Info:    Redeclaring math symbol \lhook on input line 205.
LaTeX Font Info:    Redeclaring math symbol \rhook on input line 206.
LaTeX Font Info:    Redeclaring math symbol \flat on input line 207.
LaTeX Font Info:    Redeclaring math symbol \natural on input line 208.
LaTeX Font Info:    Redeclaring math symbol \sharp on input line 209.
LaTeX Font Info:    Redeclaring math symbol \smile on input line 210.
LaTeX Font Info:    Redeclaring math symbol \frown on input line 211.
LaTeX Font Info:    Redeclaring math accent \grave on input line 245.
LaTeX Font Info:    Redeclaring math accent \acute on input line 246.
LaTeX Font Info:    Redeclaring math accent \tilde on input line 247.
LaTeX Font Info:    Redeclaring math accent \ddot on input line 248.
LaTeX Font Info:    Redeclaring math accent \check on input line 249.
LaTeX Font Info:    Redeclaring math accent \breve on input line 250.
LaTeX Font Info:    Redeclaring math accent \bar on input line 251.
LaTeX Font Info:    Redeclaring math accent \dot on input line 252.
LaTeX Font Info:    Redeclaring math accent \hat on input line 254.
)) (C:\Program Files\MiKTeX\tex/latex/tools\multicol.sty
Package: multicol 2025/10/21 v2.0b multicolumn formatting (FMi)
\c@tracingmulticols=\count375
\mult@box=\box83
\multicol@leftmargin=\dimen324
\c@unbalance=\count376
\c@collectmore=\count377
\doublecol@number=\count378
\multicoltolerance=\count379
\multicolpretolerance=\count380
\full@width=\dimen325
\page@free=\dimen326
\premulticols=\dimen327
\postmulticols=\dimen328
\multicolsep=\skip67
\multicolbaselineskip=\skip68
\partial@page=\box84
\last@line=\box85
\mc@boxedresult=\box86
\maxbalancingoverflow=\dimen329
\mult@rightbox=\box87
\mult@grightbox=\box88
\mult@firstbox=\box89
\mult@gfirstbox=\box90
\@tempa=\box91
\@tempa=\box92
\@tempa=\box93
\@tempa=\box94
\@tempa=\box95
\@tempa=\box96
\@tempa=\box97
\@tempa=\box98
\@tempa=\box99
\@tempa=\box100
\@tempa=\box101
\@tempa=\box102
\@tempa=\box103
\@tempa=\box104
\@tempa=\box105
\@tempa=\box106
\@tempa=\box107
\@tempa=\box108
\@tempa=\box109
\@tempa=\box110
\@tempa=\box111
\@tempa=\box112
\@tempa=\box113
\@tempa=\box114
\@tempa=\box115
\@tempa=\box116
\@tempa=\box117
\@tempa=\box118
\@tempa=\box119
\@tempa=\box120
\@tempa=\box121
\@tempa=\box122
\@tempa=\box123
\@tempa=\box124
\@tempa=\box125
\@tempa=\box126
\c@minrows=\count381
\c@columnbadness=\count382
\c@finalcolumnbadness=\count383
\last@try=\dimen330
\multicolovershoot=\dimen331
\multicolundershoot=\dimen332
\mult@nat@firstbox=\box127
\colbreak@box=\box128
\mc@col@check@num=\count384
\g__mc_curr_col_int=\count385
) (C:\Program Files\MiKTeX\tex/latex/caption\subcaption.sty
Package: subcaption 2023/07/28 v1.6b Sub-captions (AR)
Package caption Info: New subtype `subfigure' on input line 238.
\c@subfigure=\count386
Package caption Info: New subtype `subtable' on input line 238.
\c@subtable=\count387
) (C:\Program Files\MiKTeX\tex/latex/standalone\standalone.sty
Package: standalone 2025/02/22 v1.5a Package to include TeX sub-files with preambles
 (C:\Program Files\MiKTeX\tex/latex/tools\shellesc.sty
Package: shellesc 2023/07/08 v1.0d unified shell escape interface for LaTeX
Package shellesc Info: Restricted shell escape enabled on input line 77.
) (C:\Program Files\MiKTeX\tex/latex/xkeyval\xkeyval.sty
Package: xkeyval 2022/06/16 v2.9 package option processing (HA)
 (C:\Program Files\MiKTeX\tex/generic/xkeyval\xkeyval.tex (C:\Program Files\MiKTeX\tex/generic/xkeyval\xkvutils.tex
\XKV@toks=\toks48
\XKV@tempa@toks=\toks49
)
\XKV@depth=\count388
File: xkeyval.tex 2014/12/03 v2.7a key=value parser (HA)
)) (C:\Program Files\MiKTeX\tex/latex/currfile\currfile.sty
Package: currfile 2024/03/14 v1.0 Provides the file path elements of the current input file
 (C:\Program Files\MiKTeX\tex/latex/filehook\filehook.sty
Package: filehook 2022/10/25 v0.8b Hooks for input files
 (C:\Program Files\MiKTeX\tex/latex/filehook\filehook-2020.sty
Package: filehook-2020 2022/10/25 v0.8b Hooks for input files
))
\c@currfiledepth=\count389
) (C:\Program Files\MiKTeX\tex/latex/gincltex\gincltex.sty (C:\Program Files\MiKTeX\tex/latex/svn-prov\svn-prov.sty
Package: svn-prov 2010/04/24 v3.1862 Package Date/Version from SVN Keywords
)
Package: gincltex 2011/09/04 v0.3 Include external LaTeX files like graphics
 (C:\Program Files\MiKTeX\tex/latex/adjustbox\adjustbox.sty
Package: adjustbox 2025/02/26 v1.3c Adjusting TeX boxes (trim, clip, ...)
 (C:\Program Files\MiKTeX\tex/latex/adjustbox\adjcalc.sty
Package: adjcalc 2012/05/16 v1.1 Provides advanced setlength with multiple back-ends (calc, etex, pgfmath)
) (C:\Program Files\MiKTeX\tex/latex/adjustbox\trimclip.sty
Package: trimclip 2025/02/21 v1.2a Trim and clip general TeX material
 (C:\Program Files\MiKTeX\tex/latex/collectbox\collectbox.sty
Package: collectbox 2022/10/17 v0.4c Collect macro arguments as boxes
\collectedbox=\box129
)
\tc@llx=\dimen333
\tc@lly=\dimen334
\tc@urx=\dimen335
\tc@ury=\dimen336
Package trimclip Info: Using driver 'tc-pdftex.def'.
 (C:\Program Files\MiKTeX\tex/latex/adjustbox\tc-pdftex.def
File: tc-pdftex.def 2025/02/26 v2.3 Clipping driver for pdftex
))
\adjbox@Width=\dimen337
\adjbox@Height=\dimen338
\adjbox@Depth=\dimen339
\adjbox@Totalheight=\dimen340
\adjbox@pwidth=\dimen341
\adjbox@pheight=\dimen342
\adjbox@pdepth=\dimen343
\adjbox@ptotalheight=\dimen344
 (C:\Program Files\MiKTeX\tex/latex/ifoddpage\ifoddpage.sty
Package: ifoddpage 2022/10/18 v1.2 Conditionals for odd/even page detection
\c@checkoddpage=\count390
) (C:\Program Files\MiKTeX\tex/latex/varwidth\varwidth.sty
Package: varwidth 2009/03/30 ver 0.92;  Variable-width minipages
\@vwid@box=\box130
\sift@deathcycles=\count391
\@vwid@loff=\dimen345
\@vwid@roff=\dimen346
)
==> First Aid for varwidth.sty applied!
)
\gincltex@box=\box131
) (C:\Program Files\MiKTeX\tex/latex/filemod\filemod-expmin.sty
Package: filemod-expmin 2011/09/19 v1.2 Get and compare file modification times (expandable; minimal)
)) (C:\Program Files\MiKTeX\tex/latex/tkz-graph\tkz-graph.sty
2021/01/20 v 2.00 tkz-graph.sty
Package: tkz-graph 2021/01/20 2.00 base for graphs
(C:\Program Files\MiKTeX\tex/latex/base\ifthen.sty
Package: ifthen 2024/03/16 v1.1e Standard LaTeX ifthen package (DPC)
) (C:\Program Files\MiKTeX\tex/generic/pgf/frontendlayer/tikz/libraries\tikzlibraryarrows.code.tex
File: tikzlibraryarrows.code.tex 2025-08-29 v3.1.11a (3.1.11a)
 (C:\Program Files\MiKTeX\tex/generic/pgf/libraries\pgflibraryarrows.code.tex
File: pgflibraryarrows.code.tex 2025-08-29 v3.1.11a (3.1.11a)
\arrowsize=\dimen347
))
\c@tkz@gr@a=\count392
\c@tkz@gr@b=\count393
\c@tkz@gr@c=\count394
\c@tkz@gr@e=\count395
\c@tkz@gr@d=\count396
\c@tkz@gr@p=\count397
\c@tkz@gr@i=\count398
\c@tkz@gr@n=\count399
\c@tkz@gr@ta=\count400
\c@tkz@gr@tb=\count401
) (C:\Program Files\MiKTeX\tex/generic/pgf/frontendlayer/tikz/libraries\tikzlibraryshapes.code.tex
File: tikzlibraryshapes.code.tex 2025-08-29 v3.1.11a (3.1.11a)
 (C:\Program Files\MiKTeX\tex/generic/pgf/frontendlayer/tikz/libraries\tikzlibraryshapes.geometric.code.tex
File: tikzlibraryshapes.geometric.code.tex 2025-08-29 v3.1.11a (3.1.11a)
 (C:\Program Files\MiKTeX\tex/generic/pgf/libraries/shapes\pgflibraryshapes.geometric.code.tex
File: pgflibraryshapes.geometric.code.tex 2025-08-29 v3.1.11a (3.1.11a)
)) (C:\Program Files\MiKTeX\tex/generic/pgf/frontendlayer/tikz/libraries\tikzlibraryshapes.misc.code.tex
File: tikzlibraryshapes.misc.code.tex 2025-08-29 v3.1.11a (3.1.11a)
 (C:\Program Files\MiKTeX\tex/generic/pgf/libraries/shapes\pgflibraryshapes.misc.code.tex
File: pgflibraryshapes.misc.code.tex 2025-08-29 v3.1.11a (3.1.11a)
)) (C:\Program Files\MiKTeX\tex/generic/pgf/frontendlayer/tikz/libraries\tikzlibraryshapes.symbols.code.tex
File: tikzlibraryshapes.symbols.code.tex 2025-08-29 v3.1.11a (3.1.11a)
 (C:\Program Files\MiKTeX\tex/generic/pgf/libraries/shapes\pgflibraryshapes.symbols.code.tex
File: pgflibraryshapes.symbols.code.tex 2025-08-29 v3.1.11a (3.1.11a)
)) (C:\Program Files\MiKTeX\tex/generic/pgf/frontendlayer/tikz/libraries\tikzlibraryshapes.arrows.code.tex
File: tikzlibraryshapes.arrows.code.tex 2025-08-29 v3.1.11a (3.1.11a)
 (C:\Program Files\MiKTeX\tex/generic/pgf/libraries/shapes\pgflibraryshapes.arrows.code.tex
File: pgflibraryshapes.arrows.code.tex 2025-08-29 v3.1.11a (3.1.11a)
)) (C:\Program Files\MiKTeX\tex/generic/pgf/frontendlayer/tikz/libraries\tikzlibraryshapes.callouts.code.tex (C:\Program Files\MiKTeX\tex/generic/pgf/libraries/shapes\pgflibraryshapes.callouts.code.tex)) (C:\Program Files\MiKTeX\tex/generic/pgf/frontendlayer/tikz/libraries\tikzlibraryshapes.multipart.code.tex
File: tikzlibraryshapes.multipart.code.tex 2025-08-29 v3.1.11a (3.1.11a)
 (C:\Program Files\MiKTeX\tex/generic/pgf/libraries/shapes\pgflibraryshapes.multipart.code.tex
File: pgflibraryshapes.multipart.code.tex 2025-08-29 v3.1.11a (3.1.11a)
\pgfnodepartlowerbox=\box132
\pgfnodeparttwobox=\box133
\pgfnodepartthreebox=\box134
\pgfnodepartfourbox=\box135
\pgfnodeparttwentybox=\box136
\pgfnodepartnineteenbox=\box137
\pgfnodeparteighteenbox=\box138
\pgfnodepartseventeenbox=\box139
\pgfnodepartsixteenbox=\box140
\pgfnodepartfifteenbox=\box141
\pgfnodepartfourteenbox=\box142
\pgfnodepartthirteenbox=\box143
\pgfnodeparttwelvebox=\box144
\pgfnodepartelevenbox=\box145
\pgfnodeparttenbox=\box146
\pgfnodepartninebox=\box147
\pgfnodeparteightbox=\box148
\pgfnodepartsevenbox=\box149
\pgfnodepartsixbox=\box150
\pgfnodepartfivebox=\box151
))) (C:\Program Files\MiKTeX\tex/latex/mathtools\mathtools.sty
Package: mathtools 2024/10/04 v1.31 mathematical typesetting tools
 (C:\Program Files\MiKTeX\tex/latex/tools\calc.sty
Package: calc 2025/03/01 v4.3b Infix arithmetic (KKT,FJ)
\calc@Acount=\count402
\calc@Bcount=\count403
\calc@Adimen=\dimen348
\calc@Bdimen=\dimen349
\calc@Askip=\skip69
\calc@Bskip=\skip70
LaTeX Info: Redefining \setlength on input line 86.
LaTeX Info: Redefining \addtolength on input line 87.
\calc@Ccount=\count404
\calc@Cskip=\skip71
) (C:\Program Files\MiKTeX\tex/latex/mathtools\mhsetup.sty
Package: mhsetup 2021/03/18 v1.4 programming setup (MH)
)
\g_MT_multlinerow_int=\count405
\l_MT_multwidth_dim=\dimen350
\origjot=\skip72
\l_MT_shortvdotswithinadjustabove_dim=\dimen351
\l_MT_shortvdotswithinadjustbelow_dim=\dimen352
\l_MT_above_intertext_sep=\dimen353
\l_MT_below_intertext_sep=\dimen354
\l_MT_above_shortintertext_sep=\dimen355
\l_MT_below_shortintertext_sep=\dimen356
\xmathstrut@box=\box152
\xmathstrut@dim=\dimen357
) (C:\Program Files\MiKTeX\tex/latex/ulem\ulem.sty
\UL@box=\box153
\UL@hyphenbox=\box154
\UL@skip=\skip73
\UL@hook=\toks50
\UL@height=\dimen358
\UL@pe=\count406
\UL@pixel=\dimen359
\ULC@box=\box155
Package: ulem 2019/11/18
\ULdepth=\dimen360
) (C:\Program Files\MiKTeX\tex/latex/oberdiek\centernot.sty
Package: centernot 2016/05/16 v1.4 Centers the not symbol horizontally (HO)
) (C:\Program Files\MiKTeX\tex/latex/wrapfig\wrapfig.sty
\wrapoverhang=\dimen361
\WF@size=\dimen362
\c@WF@wrappedlines=\count407
\WF@box=\box156
\WF@everypar=\toks51
Package: wrapfig 2003/01/31  v 3.6
)
\c@conjecture=\count408
\c@observation=\count409
 (C:\Program Files\MiKTeX\tex/latex/l3backend\l3backend-pdftex.def
File: l3backend-pdftex.def 2025-10-09 L3 backend support: PDF output (pdfTeX)
\l__color_backend_stack_int=\count410
)
No file finalpresent.aux.
\openout1 = `finalpresent.aux'.

LaTeX Font Info:    Checking defaults for OML/cmm/m/it on input line 49.
LaTeX Font Info:    ... okay on input line 49.
LaTeX Font Info:    Checking defaults for OMS/cmsy/m/n on input line 49.
LaTeX Font Info:    ... okay on input line 49.
LaTeX Font Info:    Checking defaults for OT1/cmr/m/n on input line 49.
LaTeX Font Info:    ... okay on input line 49.
LaTeX Font Info:    Checking defaults for T1/cmr/m/n on input line 49.
LaTeX Font Info:    ... okay on input line 49.
LaTeX Font Info:    Checking defaults for TS1/cmr/m/n on input line 49.
LaTeX Font Info:    ... okay on input line 49.
LaTeX Font Info:    Checking defaults for OMX/cmex/m/n on input line 49.
LaTeX Font Info:    ... okay on input line 49.
LaTeX Font Info:    Checking defaults for U/mathx/m/n on input line 49.
LaTeX Font Info:    ... okay on input line 49.
LaTeX Font Info:    Checking defaults for PD1/pdf/m/n on input line 49.
LaTeX Font Info:    ... okay on input line 49.
LaTeX Font Info:    Checking defaults for PU/pdf/m/n on input line 49.
LaTeX Font Info:    ... okay on input line 49.
*geometry* driver: auto-detecting
*geometry* detected driver: pdftex
*geometry* verbose mode - [ preamble ] result:
* driver: pdftex
* paper: custom
* layout: <same size as paper>
* layoutoffset:(h,v)=(0.0pt,0.0pt)
* modes: includehead includefoot 
* h-part:(L,W,R)=(10.95003pt, 342.2953pt, 10.95003pt)
* v-part:(T,H,B)=(0.0pt, 273.14662pt, 0.0pt)
* \paperwidth=364.19536pt
* \paperheight=273.14662pt
* \textwidth=342.2953pt
* \textheight=244.6939pt
* \oddsidemargin=-61.31996pt
* \evensidemargin=-61.31996pt
* \topmargin=-72.26999pt
* \headheight=14.22636pt
* \headsep=0.0pt
* \topskip=11.0pt
* \footskip=14.22636pt
* \marginparwidth=4.0pt
* \marginparsep=10.0pt
* \columnsep=10.0pt
* \skip\footins=10.0pt plus 4.0pt minus 2.0pt
* \hoffset=0.0pt
* \voffset=0.0pt
* \mag=1000
* \@twocolumnfalse
* \@twosidefalse
* \@mparswitchfalse
* \@reversemarginfalse
* (1in=72.27pt=25.4mm, 1cm=28.453pt)

(C:\Program Files\MiKTeX\tex/context/base/mkii\supp-pdf.mkii
[Loading MPS to PDF converter (version 2006.09.02).]
\scratchcounter=\count411
\scratchdimen=\dimen363
\scratchbox=\box157
\nofMPsegments=\count412
\nofMParguments=\count413
\everyMPshowfont=\toks52
\MPscratchCnt=\count414
\MPscratchDim=\dimen364
\MPnumerator=\count415
\makeMPintoPDFobject=\count416
\everyMPtoPDFconversion=\toks53
) (C:\Program Files\MiKTeX\tex/latex/epstopdf-pkg\epstopdf-base.sty
Package: epstopdf-base 2020-01-24 v2.11 Base part for package epstopdf
Package epstopdf-base Info: Redefining graphics rule for `.eps' on input line 485.
 (C:\Program Files\MiKTeX\tex/latex/00miktex\epstopdf-sys.cfg
File: epstopdf-sys.cfg 2021/03/18 v2.0 Configuration of epstopdf for MiKTeX
))
Package hyperref Info: Link coloring OFF on input line 49.
\@outlinefile=\write5
\openout5 = `finalpresent.out'.

LaTeX Font Info:    Overwriting symbol font `operators' in version `normal'
(Font)                  OT1/cmr/m/n --> OT1/cmss/m/n on input line 49.
LaTeX Font Info:    Overwriting symbol font `operators' in version `bold'
(Font)                  OT1/cmr/bx/n --> OT1/cmss/b/n on input line 49.
\symnumbers=\mathgroup13
\sympureletters=\mathgroup14
LaTeX Font Info:    Overwriting math alphabet `\mathrm' in version `normal'
(Font)                  OT1/cmss/m/n --> T1/pplx/m/n on input line 49.
LaTeX Font Info:    Redeclaring math alphabet \mathbf on input line 49.
LaTeX Font Info:    Overwriting math alphabet `\mathbf' in version `normal'
(Font)                  OT1/cmr/bx/n --> T1/cmss/b/n on input line 49.
LaTeX Font Info:    Overwriting math alphabet `\mathbf' in version `bold'
(Font)                  OT1/cmr/bx/n --> T1/cmss/b/n on input line 49.
LaTeX Font Info:    Redeclaring math alphabet \mathsf on input line 49.
LaTeX Font Info:    Overwriting math alphabet `\mathsf' in version `normal'
(Font)                  OT1/cmss/m/n --> T1/cmss/m/n on input line 49.
LaTeX Font Info:    Overwriting math alphabet `\mathsf' in version `bold'
(Font)                  OT1/cmss/bx/n --> T1/cmss/m/n on input line 49.
LaTeX Font Info:    Redeclaring math alphabet \mathit on input line 49.
LaTeX Font Info:    Overwriting math alphabet `\mathit' in version `normal'
(Font)                  OT1/cmr/m/it --> T1/cmss/m/it on input line 49.
LaTeX Font Info:    Overwriting math alphabet `\mathit' in version `bold'
(Font)                  OT1/cmr/bx/it --> T1/cmss/m/it on input line 49.
LaTeX Font Info:    Redeclaring math alphabet \mathtt on input line 49.
LaTeX Font Info:    Overwriting math alphabet `\mathtt' in version `normal'
(Font)                  OT1/cmtt/m/n --> T1/cmtt/m/n on input line 49.
LaTeX Font Info:    Overwriting math alphabet `\mathtt' in version `bold'
(Font)                  OT1/cmtt/m/n --> T1/cmtt/m/n on input line 49.
LaTeX Font Info:    Overwriting symbol font `numbers' in version `bold'
(Font)                  T1/cmss/m/n --> T1/cmss/b/n on input line 49.
LaTeX Font Info:    Overwriting symbol font `pureletters' in version `bold'
(Font)                  T1/cmss/m/it --> T1/cmss/b/it on input line 49.
LaTeX Font Info:    Overwriting math alphabet `\mathrm' in version `bold'
(Font)                  OT1/cmss/b/n --> T1/pplx/b/n on input line 49.
LaTeX Font Info:    Overwriting math alphabet `\mathbf' in version `bold'
(Font)                  T1/cmss/b/n --> T1/cmss/b/n on input line 49.
LaTeX Font Info:    Overwriting math alphabet `\mathsf' in version `bold'
(Font)                  T1/cmss/m/n --> T1/cmss/b/n on input line 49.
LaTeX Font Info:    Overwriting math alphabet `\mathit' in version `bold'
(Font)                  T1/cmss/m/it --> T1/cmss/b/it on input line 49.
LaTeX Font Info:    Overwriting math alphabet `\mathtt' in version `bold'
(Font)                  T1/cmtt/m/n --> T1/cmtt/b/n on input line 49.
LaTeX Font Info:    Redeclaring symbol font `pureletters' on input line 49.
LaTeX Font Info:    Encoding `T1' has changed to `OT1' for symbol font
(Font)              `pureletters' in the math version `normal' on input line 49.
LaTeX Font Info:    Overwriting symbol font `pureletters' in version `normal'
(Font)                  T1/cmss/m/it --> OT1/mathkerncmss/m/sl on input line 49.
LaTeX Font Info:    Encoding `T1' has changed to `OT1' for symbol font
(Font)              `pureletters' in the math version `bold' on input line 49.
LaTeX Font Info:    Overwriting symbol font `pureletters' in version `bold'
(Font)                  T1/cmss/b/it --> OT1/mathkerncmss/m/sl on input line 49.
LaTeX Font Info:    Overwriting symbol font `pureletters' in version `bold'
(Font)                  OT1/mathkerncmss/m/sl --> OT1/mathkerncmss/bx/sl on input line 49.
 (C:\Program Files\MiKTeX\tex/latex/translator\translator-basic-dictionary-English.dict
Dictionary: translator-basic-dictionary, Language: English 
) (C:\Program Files\MiKTeX\tex/latex/translator\translator-bibliography-dictionary-English.dict
Dictionary: translator-bibliography-dictionary, Language: English 
) (C:\Program Files\MiKTeX\tex/latex/translator\translator-environment-dictionary-English.dict
Dictionary: translator-environment-dictionary, Language: English 
) (C:\Program Files\MiKTeX\tex/latex/translator\translator-months-dictionary-English.dict
Dictionary: translator-months-dictionary, Language: English 
) (C:\Program Files\MiKTeX\tex/latex/translator\translator-numbers-dictionary-English.dict
Dictionary: translator-numbers-dictionary, Language: English 
) (C:\Program Files\MiKTeX\tex/latex/translator\translator-theorem-dictionary-English.dict
Dictionary: translator-theorem-dictionary, Language: English 
)
LaTeX Info: Command `\dddot' is already robust on input line 49.
LaTeX Info: Command `\ddddot' is already robust on input line 49.
Package caption Info: Begin \AtBeginDocument code.
Package caption Info: wrapfig package is loaded.
Package caption Info: End \AtBeginDocument code.
LaTeX Font Info:    Redeclaring symbol font `operators' on input line 49.
LaTeX Font Info:    Encoding `OT1' has changed to `T1' for symbol font
(Font)              `operators' in the math version `normal' on input line 49.
LaTeX Font Info:    Overwriting symbol font `operators' in version `normal'
(Font)                  OT1/cmss/m/n --> T1/pplx/m/up on input line 49.
LaTeX Font Info:    Encoding `OT1' has changed to `T1' for symbol font
(Font)              `operators' in the math version `bold' on input line 49.
LaTeX Font Info:    Overwriting symbol font `operators' in version `bold'
(Font)                  OT1/cmss/b/n --> T1/pplx/m/up on input line 49.
LaTeX Font Info:    Overwriting symbol font `operators' in version `bold'
(Font)                  T1/pplx/m/up --> T1/pplx/b/up on input line 49.
LaTeX Font Info:    Redeclaring math alphabet \mathbf on input line 49.
LaTeX Font Info:    Overwriting math alphabet `\mathbf' in version `normal'
(Font)                  T1/cmss/b/n --> T1/pplx/b/up on input line 49.
LaTeX Font Info:    Overwriting math alphabet `\mathbf' in version `bold'
(Font)                  T1/cmss/b/n --> T1/pplx/b/up on input line 49.
LaTeX Font Info:    Redeclaring math alphabet \mathsf on input line 49.
LaTeX Font Info:    Overwriting math alphabet `\mathsf' in version `normal'
(Font)                  T1/cmss/m/n --> T1/cmss/m/up on input line 49.
LaTeX Font Info:    Overwriting math alphabet `\mathsf' in version `bold'
(Font)                  T1/cmss/b/n --> T1/cmss/m/up on input line 49.
LaTeX Font Info:    Redeclaring math alphabet \mathit on input line 49.
LaTeX Font Info:    Overwriting math alphabet `\mathit' in version `normal'
(Font)                  T1/cmss/m/it --> T1/pplx/m/it on input line 49.
LaTeX Font Info:    Overwriting math alphabet `\mathit' in version `bold'
(Font)                  T1/cmss/b/it --> T1/pplx/m/it on input line 49.
LaTeX Font Info:    Redeclaring math alphabet \mathtt on input line 49.
LaTeX Font Info:    Overwriting math alphabet `\mathtt' in version `normal'
(Font)                  T1/cmtt/m/n --> T1/cmtt/m/up on input line 49.
LaTeX Font Info:    Overwriting math alphabet `\mathtt' in version `bold'
(Font)                  T1/cmtt/b/n --> T1/cmtt/m/up on input line 49.
LaTeX Font Info:    Overwriting math alphabet `\mathsf' in version `bold'
(Font)                  T1/cmss/m/up --> T1/cmss/b/up on input line 49.
LaTeX Font Info:    Overwriting math alphabet `\mathit' in version `bold'
(Font)                  T1/pplx/m/it --> T1/pplx/b/it on input line 49.
 (finalpresent.nav)
Overfull \hbox (27.799pt too wide) in paragraph at lines 49--49
 [][]  \T1/cmss/m/n/6 ([])  
 []


Overfull \hbox (27.799pt too wide) in paragraph at lines 51--51
 [][]  \T1/cmss/m/n/6 ([])  
 []


Overfull \hbox (27.799pt too wide) has occurred while \output is active
 [][]  \T1/cmss/m/n/6 ([])  
 []

[1

{C:/Users/baneg/AppData/Local/MiKTeX/fonts/map/pdftex/pdftex.map}]
Overfull \hbox (27.799pt too wide) in paragraph at lines 86--86
 [][]  \T1/cmss/m/n/6 ([])  
 []

LaTeX Font Info:    Trying to load font information for T1+pplx on input line 86.
(C:\Program Files\MiKTeX\tex/latex/psnfss\t1pplx.fd
File: t1pplx.fd 2004/09/06 font definitions for T1/pplx.
)

LaTeX Font Warning: Font shape `T1/pplx/m/up' undefined
(Font)              using `T1/pplx/m/n' instead on input line 86.

LaTeX Font Info:    Trying to load font information for U+eur on input line 86.
(C:\Program Files\MiKTeX\tex/latex/amsfonts\ueur.fd
File: ueur.fd 2013/01/14 v3.01 Euler Roman
)
LaTeX Font Info:    Trying to load font information for U+msa on input line 86.
 (C:\Program Files\MiKTeX\tex/latex/amsfonts\umsa.fd
File: umsa.fd 2013/01/14 v3.01 AMS symbols A
)
LaTeX Font Info:    Trying to load font information for U+msb on input line 86.
 (C:\Program Files\MiKTeX\tex/latex/amsfonts\umsb.fd
File: umsb.fd 2013/01/14 v3.01 AMS symbols B
)
LaTeX Font Info:    Trying to load font information for U+euf on input line 86.
 (C:\Program Files\MiKTeX\tex/latex/amsfonts\ueuf.fd
File: ueuf.fd 2013/01/14 v3.01 Euler Fraktur
)
LaTeX Font Info:    Trying to load font information for U+eus on input line 86.
 (C:\Program Files\MiKTeX\tex/latex/amsfonts\ueus.fd
File: ueus.fd 2013/01/14 v3.01 Euler Script
)
LaTeX Font Info:    Trying to load font information for U+euex on input line 86.
 (C:\Program Files\MiKTeX\tex/latex/amsfonts\ueuex.fd
File: ueuex.fd 2013/01/14 v3.01 Euler extra symbols
)
LaTeX Font Info:    Trying to load font information for OT1+mathkerncmss on input line 86.
 (C:\Program Files\MiKTeX\tex/latex/sansmathaccent\ot1mathkerncmss.fd
File: ot1mathkerncmss.fd 2020/01/31 Fontinst v1.933 font definitions for OT1/mathkerncmss.
)
Overfull \hbox (27.799pt too wide) has occurred while \output is active
 [][]  \T1/cmss/m/n/6 ([])  
 []

[2

]
Overfull \hbox (27.799pt too wide) has occurred while \output is active
 [][]  \T1/cmss/m/n/6 ([])  
 []

[3

]
Overfull \hbox (27.799pt too wide) has occurred while \output is active
 [][]  \T1/cmss/m/n/6 ([])  
 []

[4

]
Overfull \hbox (27.799pt too wide) has occurred while \output is active
 [][]  \T1/cmss/m/n/6 ([])  
 []

[5

]
Overfull \hbox (27.799pt too wide) in paragraph at lines 141--141
 [][]  \T1/cmss/m/n/6 ([])  
 []


Overfull \hbox (27.799pt too wide) has occurred while \output is active
 [][]  \T1/cmss/m/n/6 ([])  
 []

[6

]
Overfull \hbox (27.799pt too wide) has occurred while \output is active
 [][]  \T1/cmss/m/n/6 ([])  
 []

[7

]
Overfull \hbox (27.799pt too wide) has occurred while \output is active
 [][]  \T1/cmss/m/n/6 ([])  
 []

[8

]
Overfull \hbox (27.799pt too wide) has occurred while \output is active
 [][]  \T1/cmss/m/n/6 ([])  
 []

[9

]
Overfull \hbox (27.799pt too wide) has occurred while \output is active
 [][]  \T1/cmss/m/n/6 ([])  
 []

[10

]
Overfull \hbox (27.799pt too wide) has occurred while \output is active
 [][]  \T1/cmss/m/n/6 ([])  
 []

[11

]
Overfull \hbox (27.799pt too wide) has occurred while \output is active
 [][]  \T1/cmss/m/n/6 ([])  
 []

[12

]
Overfull \hbox (27.799pt too wide) in paragraph at lines 157--157
 [][]  \T1/cmss/m/n/6 ([])  
 []


Overfull \hbox (27.799pt too wide) has occurred while \output is active
 [][]  \T1/cmss/m/n/6 ([])  
 []

[13

{C:/Program Files/MiKTeX/fonts/enc/dvips/base/8r.enc}]
Overfull \hbox (27.799pt too wide) has occurred while \output is active
 [][]  \T1/cmss/m/n/6 ([])  
 []

[14

]
Overfull \hbox (27.799pt too wide) has occurred while \output is active
 [][]  \T1/cmss/m/n/6 ([])  
 []

[15

]
Overfull \hbox (27.799pt too wide) has occurred while \output is active
 [][]  \T1/cmss/m/n/6 ([])  
 []

[16

]
Overfull \hbox (27.799pt too wide) in paragraph at lines 169--169
 [][]  \T1/cmss/m/n/6 ([])  
 []


Overfull \hbox (27.799pt too wide) has occurred while \output is active
 [][]  \T1/cmss/m/n/6 ([])  
 []

[17

]
Overfull \hbox (27.799pt too wide) has occurred while \output is active
 [][]  \T1/cmss/m/n/6 ([])  
 []

[18

]
Overfull \hbox (27.799pt too wide) has occurred while \output is active
 [][]  \T1/cmss/m/n/6 ([])  
 []

[19

]
Overfull \hbox (27.799pt too wide) has occurred while \output is active
 [][]  \T1/cmss/m/n/6 ([])  
 []

[20

]
Overfull \hbox (27.799pt too wide) in paragraph at lines 187--187
 [][]  \T1/cmss/m/n/6 ([])  
 []


Overfull \hbox (27.799pt too wide) has occurred while \output is active
 [][]  \T1/cmss/m/n/6 ([])  
 []

[21

]
Overfull \hbox (27.799pt too wide) in paragraph at lines 207--207
 [][]  \T1/cmss/m/n/6 ([])  
 []


Overfull \hbox (27.799pt too wide) has occurred while \output is active
 [][]  \T1/cmss/m/n/6 ([])  
 []

[22

]
Overfull \hbox (27.799pt too wide) in paragraph at lines 229--229
 [][]  \T1/cmss/m/n/6 ([])  
 []


Overfull \hbox (27.799pt too wide) has occurred while \output is active
 [][]  \T1/cmss/m/n/6 ([])  
 []

[23

]
Overfull \hbox (27.799pt too wide) in paragraph at lines 253--253
 [][]  \T1/cmss/m/n/6 ([])  
 []


Overfull \hbox (27.799pt too wide) has occurred while \output is active
 [][]  \T1/cmss/m/n/6 ([])  
 []

[24

]
Overfull \hbox (27.799pt too wide) in paragraph at lines 279--279
 [][]  \T1/cmss/m/n/6 ([])  
 []


Overfull \hbox (27.799pt too wide) has occurred while \output is active
 [][]  \T1/cmss/m/n/6 ([])  
 []

[25

]
Overfull \hbox (27.799pt too wide) in paragraph at lines 308--308
 [][]  \T1/cmss/m/n/6 ([])  
 []


Overfull \hbox (27.799pt too wide) has occurred while \output is active
 [][]  \T1/cmss/m/n/6 ([])  
 []

[26

]
Overfull \hbox (27.799pt too wide) in paragraph at lines 319--319
 [][]  \T1/cmss/m/n/6 ([])  
 []


Overfull \hbox (27.799pt too wide) has occurred while \output is active
 [][]  \T1/cmss/m/n/6 ([])  
 []

[27

]
Overfull \hbox (27.799pt too wide) has occurred while \output is active
 [][]  \T1/cmss/m/n/6 ([])  
 []

[28

]
Overfull \hbox (27.799pt too wide) has occurred while \output is active
 [][]  \T1/cmss/m/n/6 ([])  
 []

[29

]
Overfull \hbox (27.799pt too wide) in paragraph at lines 345--345
 [][]  \T1/cmss/m/n/6 ([])  
 []


Overfull \hbox (27.799pt too wide) has occurred while \output is active
 [][]  \T1/cmss/m/n/6 ([])  
 []

[30

]
Overfull \hbox (27.799pt too wide) has occurred while \output is active
 [][]  \T1/cmss/m/n/6 ([])  
 []

[31

]
Overfull \hbox (27.799pt too wide) has occurred while \output is active
 [][]  \T1/cmss/m/n/6 ([])  
 []

[32

]
Overfull \hbox (27.799pt too wide) in paragraph at lines 372--372
 [][]  \T1/cmss/m/n/6 ([])  
 []


Overfull \hbox (27.799pt too wide) has occurred while \output is active
 [][]  \T1/cmss/m/n/6 ([])  
 []

[33

]
Overfull \hbox (27.799pt too wide) in paragraph at lines 401--401
 [][]  \T1/cmss/m/n/6 ([])  
 []


Overfull \hbox (27.799pt too wide) has occurred while \output is active
 [][]  \T1/cmss/m/n/6 ([])  
 []

[34

]
Overfull \hbox (27.799pt too wide) in paragraph at lines 434--434
 [][]  \T1/cmss/m/n/6 ([])  
 []


Overfull \hbox (27.799pt too wide) has occurred while \output is active
 [][]  \T1/cmss/m/n/6 ([])  
 []

[35

]
Overfull \hbox (27.799pt too wide) in paragraph at lines 470--470
 [][]  \T1/cmss/m/n/6 ([])  
 []


Overfull \hbox (27.799pt too wide) has occurred while \output is active
 [][]  \T1/cmss/m/n/6 ([])  
 []

[36

]
Overfull \hbox (27.799pt too wide) in paragraph at lines 503--503
 [][]  \T1/cmss/m/n/6 ([])  
 []


Overfull \hbox (27.799pt too wide) has occurred while \output is active
 [][]  \T1/cmss/m/n/6 ([])  
 []

[37

]
Overfull \hbox (27.799pt too wide) in paragraph at lines 522--522
 [][]  \T1/cmss/m/n/6 ([])  
 []


Overfull \hbox (27.799pt too wide) has occurred while \output is active
 [][]  \T1/cmss/m/n/6 ([])  
 []

[38

]
Overfull \hbox (27.799pt too wide) has occurred while \output is active
 [][]  \T1/cmss/m/n/6 ([])  
 []

[39

]
Overfull \hbox (27.799pt too wide) has occurred while \output is active
 [][]  \T1/cmss/m/n/6 ([])  
 []

[40

]
Overfull \hbox (27.799pt too wide) in paragraph at lines 529--529
 [][]  \T1/cmss/m/n/6 ([])  
 []


Overfull \hbox (27.799pt too wide) has occurred while \output is active
 [][]  \T1/cmss/m/n/6 ([])  
 []

[41

]
Overfull \hbox (27.799pt too wide) in paragraph at lines 537--537
 [][]  \T1/cmss/m/n/6 ([])  
 []

LaTeX Font Info:    Freeze math alphabet allocation in version normal.
(Font)              Allocated math groups: 15 (local: 2) on input line 537.
LaTeX Font Info:    Undo math alphabet allocation in version normal on input line 537.
LaTeX Font Info:    No math alphabet change to frozen version normal on input line 537.
LaTeX Font Info:    No math alphabet change to frozen version normal on input line 537.
LaTeX Font Info:    No math alphabet change to frozen version normal on input line 537.
LaTeX Font Info:    No math alphabet change to frozen version normal on input line 537.
LaTeX Font Info:    No math alphabet change to frozen version normal on input line 537.
LaTeX Font Info:    No math alphabet change to frozen version normal on input line 537.
LaTeX Font Info:    No math alphabet change to frozen version normal on input line 537.
LaTeX Font Info:    No math alphabet change to frozen version normal on input line 537.
LaTeX Font Info:    No math alphabet change to frozen version normal on input line 537.
LaTeX Font Info:    No math alphabet change to frozen version normal on input line 537.
LaTeX Font Info:    No math alphabet change to frozen version normal on input line 537.

Overfull \hbox (27.799pt too wide) has occurred while \output is active
 [][]  \T1/cmss/m/n/6 ([])  
 []

[42

]
Overfull \hbox (27.799pt too wide) in paragraph at lines 545--545
 [][]  \T1/cmss/m/n/6 ([])  
 []

LaTeX Font Info:    No math alphabet change to frozen version normal on input line 545.
LaTeX Font Info:    No math alphabet change to frozen version normal on input line 545.
LaTeX Font Info:    No math alphabet change to frozen version normal on input line 545.
LaTeX Font Info:    No math alphabet change to frozen version normal on input line 545.
LaTeX Font Info:    No math alphabet change to frozen version normal on input line 545.
LaTeX Font Info:    No math alphabet change to frozen version normal on input line 545.

Overfull \hbox (27.799pt too wide) has occurred while \output is active
 [][]  \T1/cmss/m/n/6 ([])  
 []

[43

]
Overfull \hbox (27.799pt too wide) in paragraph at lines 580--580
 [][]  \T1/cmss/m/n/6 ([])  
 []

LaTeX Font Info:    No math alphabet change to frozen version normal on input line 580.
LaTeX Font Info:    No math alphabet change to frozen version normal on input line 580.
LaTeX Font Info:    No math alphabet change to frozen version normal on input line 580.
LaTeX Font Info:    No math alphabet change to frozen version normal on input line 580.
LaTeX Font Info:    No math alphabet change to frozen version normal on input line 580.

Overfull \hbox (27.799pt too wide) has occurred while \output is active
 [][]  \T1/cmss/m/n/6 ([])  
 []

[44

]
Overfull \hbox (27.799pt too wide) in paragraph at lines 591--591
 [][]  \T1/cmss/m/n/6 ([])  
 []

LaTeX Font Info:    Nested math: keeping math alphabet allocation in version normal on input line 591.
LaTeX Font Info:    Undo math alphabet allocation in version normal on input line 591.
LaTeX Font Info:    No math alphabet change to frozen version normal on input line 591.
LaTeX Font Info:    No math alphabet change to frozen version normal on input line 591.
LaTeX Font Info:    No math alphabet change to frozen version normal on input line 591.
LaTeX Font Info:    No math alphabet change to frozen version normal on input line 591.
LaTeX Font Info:    No math alphabet change to frozen version normal on input line 591.
LaTeX Font Info:    No math alphabet change to frozen version normal on input line 591.
LaTeX Font Info:    No math alphabet change to frozen version normal on input line 591.
LaTeX Font Info:    No math alphabet change to frozen version normal on input line 591.
LaTeX Font Info:    No math alphabet change to frozen version normal on input line 591.
LaTeX Font Info:    No math alphabet change to frozen version normal on input line 591.
LaTeX Font Info:    No math alphabet change to frozen version normal on input line 591.
LaTeX Font Info:    No math alphabet change to frozen version normal on input line 591.
LaTeX Font Info:    No math alphabet change to frozen version normal on input line 591.
LaTeX Font Info:    No math alphabet change to frozen version normal on input line 591.
LaTeX Font Info:    No math alphabet change to frozen version normal on input line 591.
LaTeX Font Info:    No math alphabet change to frozen version normal on input line 591.
LaTeX Font Info:    No math alphabet change to frozen version normal on input line 591.
LaTeX Font Info:    No math alphabet change to frozen version normal on input line 591.

Overfull \hbox (27.799pt too wide) has occurred while \output is active
 [][]  \T1/cmss/m/n/6 ([])  
 []

[45

]
LaTeX Font Info:    Nested math: keeping math alphabet allocation in version normal on input line 591.
LaTeX Font Info:    Undo math alphabet allocation in version normal on input line 591.
LaTeX Font Info:    No math alphabet change to frozen version normal on input line 591.
LaTeX Font Info:    No math alphabet change to frozen version normal on input line 591.
LaTeX Font Info:    No math alphabet change to frozen version normal on input line 591.
LaTeX Font Info:    No math alphabet change to frozen version normal on input line 591.
LaTeX Font Info:    No math alphabet change to frozen version normal on input line 591.
LaTeX Font Info:    No math alphabet change to frozen version normal on input line 591.
LaTeX Font Info:    No math alphabet change to frozen version normal on input line 591.
LaTeX Font Info:    No math alphabet change to frozen version normal on input line 591.
LaTeX Font Info:    No math alphabet change to frozen version normal on input line 591.
LaTeX Font Info:    No math alphabet change to frozen version normal on input line 591.
LaTeX Font Info:    No math alphabet change to frozen version normal on input line 591.
LaTeX Font Info:    No math alphabet change to frozen version normal on input line 591.
LaTeX Font Info:    No math alphabet change to frozen version normal on input line 591.
LaTeX Font Info:    No math alphabet change to frozen version normal on input line 591.
LaTeX Font Info:    No math alphabet change to frozen version normal on input line 591.
LaTeX Font Info:    No math alphabet change to frozen version normal on input line 591.
LaTeX Font Info:    No math alphabet change to frozen version normal on input line 591.
LaTeX Font Info:    No math alphabet change to frozen version normal on input line 591.

Overfull \hbox (27.799pt too wide) has occurred while \output is active
 [][]  \T1/cmss/m/n/6 ([])  
 []

[46

]
LaTeX Font Info:    Nested math: keeping math alphabet allocation in version normal on input line 591.
LaTeX Font Info:    Undo math alphabet allocation in version normal on input line 591.
LaTeX Font Info:    No math alphabet change to frozen version normal on input line 591.
LaTeX Font Info:    No math alphabet change to frozen version normal on input line 591.
LaTeX Font Info:    No math alphabet change to frozen version normal on input line 591.
LaTeX Font Info:    No math alphabet change to frozen version normal on input line 591.
LaTeX Font Info:    No math alphabet change to frozen version normal on input line 591.
LaTeX Font Info:    No math alphabet change to frozen version normal on input line 591.
LaTeX Font Info:    No math alphabet change to frozen version normal on input line 591.
LaTeX Font Info:    No math alphabet change to frozen version normal on input line 591.
LaTeX Font Info:    No math alphabet change to frozen version normal on input line 591.
LaTeX Font Info:    No math alphabet change to frozen version normal on input line 591.
LaTeX Font Info:    No math alphabet change to frozen version normal on input line 591.
LaTeX Font Info:    No math alphabet change to frozen version normal on input line 591.
LaTeX Font Info:    No math alphabet change to frozen version normal on input line 591.
LaTeX Font Info:    No math alphabet change to frozen version normal on input line 591.
LaTeX Font Info:    No math alphabet change to frozen version normal on input line 591.
LaTeX Font Info:    No math alphabet change to frozen version normal on input line 591.
LaTeX Font Info:    No math alphabet change to frozen version normal on input line 591.
LaTeX Font Info:    No math alphabet change to frozen version normal on input line 591.

Overfull \hbox (27.799pt too wide) has occurred while \output is active
 [][]  \T1/cmss/m/n/6 ([])  
 []

[47

]
Overfull \hbox (27.799pt too wide) in paragraph at lines 606--606
 [][]  \T1/cmss/m/n/6 ([])  
 []

LaTeX Font Info:    Nested math: keeping math alphabet allocation in version normal on input line 606.
LaTeX Font Info:    Undo math alphabet allocation in version normal on input line 606.
LaTeX Font Info:    No math alphabet change to frozen version normal on input line 606.
LaTeX Font Info:    No math alphabet change to frozen version normal on input line 606.
LaTeX Font Info:    No math alphabet change to frozen version normal on input line 606.
LaTeX Font Info:    Undo math alphabet allocation in version normal on input line 606.
LaTeX Font Info:    No math alphabet change to frozen version normal on input line 606.
LaTeX Font Info:    No math alphabet change to frozen version normal on input line 606.
LaTeX Font Info:    No math alphabet change to frozen version normal on input line 606.
LaTeX Font Info:    No math alphabet change to frozen version normal on input line 606.
LaTeX Font Info:    No math alphabet change to frozen version normal on input line 606.
LaTeX Font Info:    No math alphabet change to frozen version normal on input line 606.
LaTeX Font Info:    No math alphabet change to frozen version normal on input line 606.
LaTeX Font Info:    No math alphabet change to frozen version normal on input line 606.
LaTeX Font Info:    No math alphabet change to frozen version normal on input line 606.
LaTeX Font Info:    No math alphabet change to frozen version normal on input line 606.
LaTeX Font Info:    No math alphabet change to frozen version normal on input line 606.
LaTeX Font Info:    No math alphabet change to frozen version normal on input line 606.
LaTeX Font Info:    No math alphabet change to frozen version normal on input line 606.

Overfull \hbox (27.799pt too wide) has occurred while \output is active
 [][]  \T1/cmss/m/n/6 ([])  
 []

[48

]
LaTeX Font Info:    Nested math: keeping math alphabet allocation in version normal on input line 606.
LaTeX Font Info:    Undo math alphabet allocation in version normal on input line 606.
LaTeX Font Info:    No math alphabet change to frozen version normal on input line 606.
LaTeX Font Info:    No math alphabet change to frozen version normal on input line 606.
LaTeX Font Info:    No math alphabet change to frozen version normal on input line 606.
LaTeX Font Info:    Undo math alphabet allocation in version normal on input line 606.
LaTeX Font Info:    No math alphabet change to frozen version normal on input line 606.
LaTeX Font Info:    No math alphabet change to frozen version normal on input line 606.
LaTeX Font Info:    No math alphabet change to frozen version normal on input line 606.
LaTeX Font Info:    No math alphabet change to frozen version normal on input line 606.
LaTeX Font Info:    No math alphabet change to frozen version normal on input line 606.
LaTeX Font Info:    No math alphabet change to frozen version normal on input line 606.
LaTeX Font Info:    No math alphabet change to frozen version normal on input line 606.
LaTeX Font Info:    No math alphabet change to frozen version normal on input line 606.
LaTeX Font Info:    No math alphabet change to frozen version normal on input line 606.
LaTeX Font Info:    No math alphabet change to frozen version normal on input line 606.
LaTeX Font Info:    No math alphabet change to frozen version normal on input line 606.
LaTeX Font Info:    No math alphabet change to frozen version normal on input line 606.
LaTeX Font Info:    No math alphabet change to frozen version normal on input line 606.

Overfull \hbox (27.799pt too wide) has occurred while \output is active
 [][]  \T1/cmss/m/n/6 ([])  
 []

[49

]
Overfull \hbox (27.799pt too wide) in paragraph at lines 619--619
 [][]  \T1/cmss/m/n/6 ([])  
 []

LaTeX Font Info:    No math alphabet change to frozen version normal on input line 619.
LaTeX Font Info:    No math alphabet change to frozen version normal on input line 619.
LaTeX Font Info:    Undo math alphabet allocation in version normal on input line 619.
LaTeX Font Info:    No math alphabet change to frozen version normal on input line 619.
LaTeX Font Info:    No math alphabet change to frozen version normal on input line 619.
LaTeX Font Info:    No math alphabet change to frozen version normal on input line 619.
LaTeX Font Info:    No math alphabet change to frozen version normal on input line 619.
LaTeX Font Info:    No math alphabet change to frozen version normal on input line 619.
LaTeX Font Info:    No math alphabet change to frozen version normal on input line 619.
LaTeX Font Info:    No math alphabet change to frozen version normal on input line 619.
LaTeX Font Info:    No math alphabet change to frozen version normal on input line 619.
LaTeX Font Info:    No math alphabet change to frozen version normal on input line 619.
LaTeX Font Info:    No math alphabet change to frozen version normal on input line 619.

Overfull \hbox (27.799pt too wide) has occurred while \output is active
 [][]  \T1/cmss/m/n/6 ([])  
 []

[50

]
Overfull \hbox (27.799pt too wide) in paragraph at lines 630--630
 [][]  \T1/cmss/m/n/6 ([])  
 []

LaTeX Font Info:    No math alphabet change to frozen version normal on input line 630.
LaTeX Font Info:    No math alphabet change to frozen version normal on input line 630.
LaTeX Font Info:    No math alphabet change to frozen version normal on input line 630.
LaTeX Font Info:    No math alphabet change to frozen version normal on input line 630.
LaTeX Font Info:    No math alphabet change to frozen version normal on input line 630.
LaTeX Font Info:    No math alphabet change to frozen version normal on input line 630.
LaTeX Font Info:    No math alphabet change to frozen version normal on input line 630.
LaTeX Font Info:    No math alphabet change to frozen version normal on input line 630.
LaTeX Font Info:    No math alphabet change to frozen version normal on input line 630.
LaTeX Font Info:    No math alphabet change to frozen version normal on input line 630.
LaTeX Font Info:    No math alphabet change to frozen version normal on input line 630.
LaTeX Font Info:    No math alphabet change to frozen version normal on input line 630.
LaTeX Font Info:    No math alphabet change to frozen version normal on input line 630.
LaTeX Font Info:    No math alphabet change to frozen version normal on input line 630.
LaTeX Font Info:    No math alphabet change to frozen version normal on input line 630.
LaTeX Font Info:    No math alphabet change to frozen version normal on input line 630.
LaTeX Font Info:    No math alphabet change to frozen version normal on input line 630.
LaTeX Font Info:    No math alphabet change to frozen version normal on input line 630.

Overfull \hbox (27.799pt too wide) has occurred while \output is active
 [][]  \T1/cmss/m/n/6 ([])  
 []

[51

]
Overfull \hbox (27.799pt too wide) in paragraph at lines 639--639
 [][]  \T1/cmss/m/n/6 ([])  
 []

LaTeX Font Info:    No math alphabet change to frozen version normal on input line 639.
LaTeX Font Info:    No math alphabet change to frozen version normal on input line 639.
LaTeX Font Info:    No math alphabet change to frozen version normal on input line 639.
LaTeX Font Info:    No math alphabet change to frozen version normal on input line 639.
LaTeX Font Info:    No math alphabet change to frozen version normal on input line 639.
LaTeX Font Info:    No math alphabet change to frozen version normal on input line 639.
LaTeX Font Info:    No math alphabet change to frozen version normal on input line 639.
LaTeX Font Info:    No math alphabet change to frozen version normal on input line 639.
LaTeX Font Info:    No math alphabet change to frozen version normal on input line 639.
LaTeX Font Info:    No math alphabet change to frozen version normal on input line 639.
LaTeX Font Info:    No math alphabet change to frozen version normal on input line 639.
LaTeX Font Info:    No math alphabet change to frozen version normal on input line 639.
LaTeX Font Info:    No math alphabet change to frozen version normal on input line 639.
LaTeX Font Info:    No math alphabet change to frozen version normal on input line 639.
LaTeX Font Info:    No math alphabet change to frozen version normal on input line 639.
LaTeX Font Info:    No math alphabet change to frozen version normal on input line 639.
LaTeX Font Info:    No math alphabet change to frozen version normal on input line 639.

Overfull \hbox (27.799pt too wide) has occurred while \output is active
 [][]  \T1/cmss/m/n/6 ([])  
 []

[52

]
Overfull \hbox (27.799pt too wide) in paragraph at lines 830--830
 [][]  \T1/cmss/m/n/6 ([])  
 []

LaTeX Font Info:    No math alphabet change to frozen version normal on input line 830.
LaTeX Font Info:    No math alphabet change to frozen version normal on input line 830.
LaTeX Font Info:    No math alphabet change to frozen version normal on input line 830.
LaTeX Font Info:    No math alphabet change to frozen version normal on input line 830.
LaTeX Font Info:    No math alphabet change to frozen version normal on input line 830.
LaTeX Font Info:    No math alphabet change to frozen version normal on input line 830.
LaTeX Font Info:    No math alphabet change to frozen version normal on input line 830.
LaTeX Font Info:    No math alphabet change to frozen version normal on input line 830.
LaTeX Font Info:    No math alphabet change to frozen version normal on input line 830.
LaTeX Font Info:    No math alphabet change to frozen version normal on input line 830.
LaTeX Font Info:    No math alphabet change to frozen version normal on input line 830.
LaTeX Font Info:    No math alphabet change to frozen version normal on input line 830.
LaTeX Font Info:    No math alphabet change to frozen version normal on input line 830.
LaTeX Font Info:    No math alphabet change to frozen version normal on input line 830.
LaTeX Font Info:    No math alphabet change to frozen version normal on input line 830.
LaTeX Font Info:    No math alphabet change to frozen version normal on input line 830.
LaTeX Font Info:    No math alphabet change to frozen version normal on input line 830.
LaTeX Font Info:    No math alphabet change to frozen version normal on input line 830.
LaTeX Font Info:    No math alphabet change to frozen version normal on input line 830.
LaTeX Font Info:    No math alphabet change to frozen version normal on input line 830.
LaTeX Font Info:    No math alphabet change to frozen version normal on input line 830.
LaTeX Font Info:    No math alphabet change to frozen version normal on input line 830.
LaTeX Font Info:    No math alphabet change to frozen version normal on input line 830.
LaTeX Font Info:    No math alphabet change to frozen version normal on input line 830.
LaTeX Font Info:    No math alphabet change to frozen version normal on input line 830.
LaTeX Font Info:    No math alphabet change to frozen version normal on input line 830.
LaTeX Font Info:    No math alphabet change to frozen version normal on input line 830.
LaTeX Font Info:    Nested math: keeping math alphabet allocation in version normal on input line 830.
LaTeX Font Info:    Nested math: keeping math alphabet allocation in version normal on input line 830.
LaTeX Font Info:    Nested math: keeping math alphabet allocation in version normal on input line 830.
LaTeX Font Info:    Nested math: keeping math alphabet allocation in version normal on input line 830.
LaTeX Font Info:    Nested math: keeping math alphabet allocation in version normal on input line 830.
LaTeX Font Info:    Nested math: keeping math alphabet allocation in version normal on input line 830.
LaTeX Font Info:    Nested math: keeping math alphabet allocation in version normal on input line 830.
LaTeX Font Info:    Nested math: keeping math alphabet allocation in version normal on input line 830.
LaTeX Font Info:    Nested math: keeping math alphabet allocation in version normal on input line 830.
LaTeX Font Info:    Nested math: keeping math alphabet allocation in version normal on input line 830.
LaTeX Font Info:    Nested math: keeping math alphabet allocation in version normal on input line 830.
LaTeX Font Info:    Nested math: keeping math alphabet allocation in version normal on input line 830.
LaTeX Font Info:    Nested math: keeping math alphabet allocation in version normal on input line 830.
LaTeX Font Info:    Nested math: keeping math alphabet allocation in version normal on input line 830.
LaTeX Font Info:    Undo math alphabet allocation in version normal on input line 830.
LaTeX Font Info:    Nested math: keeping math alphabet allocation in version normal on input line 830.
LaTeX Font Info:    Nested math: keeping math alphabet allocation in version normal on input line 830.
LaTeX Font Info:    Nested math: keeping math alphabet allocation in version normal on input line 830.
LaTeX Font Info:    Nested math: keeping math alphabet allocation in version normal on input line 830.
LaTeX Font Info:    Nested math: keeping math alphabet allocation in version normal on input line 830.
LaTeX Font Info:    Nested math: keeping math alphabet allocation in version normal on input line 830.
LaTeX Font Info:    Nested math: keeping math alphabet allocation in version normal on input line 830.
LaTeX Font Info:    Nested math: keeping math alphabet allocation in version normal on input line 830.
LaTeX Font Info:    Nested math: keeping math alphabet allocation in version normal on input line 830.
LaTeX Font Info:    Nested math: keeping math alphabet allocation in version normal on input line 830.
LaTeX Font Info:    Nested math: keeping math alphabet allocation in version normal on input line 830.
LaTeX Font Info:    Nested math: keeping math alphabet allocation in version normal on input line 830.
LaTeX Font Info:    Nested math: keeping math alphabet allocation in version normal on input line 830.
LaTeX Font Info:    Nested math: keeping math alphabet allocation in version normal on input line 830.
LaTeX Font Info:    Undo math alphabet allocation in version normal on input line 830.
LaTeX Font Info:    Nested math: keeping math alphabet allocation in version normal on input line 830.
LaTeX Font Info:    Nested math: keeping math alphabet allocation in version normal on input line 830.
LaTeX Font Info:    Nested math: keeping math alphabet allocation in version normal on input line 830.
LaTeX Font Info:    Nested math: keeping math alphabet allocation in version normal on input line 830.
LaTeX Font Info:    Nested math: keeping math alphabet allocation in version normal on input line 830.
LaTeX Font Info:    Nested math: keeping math alphabet allocation in version normal on input line 830.
LaTeX Font Info:    Nested math: keeping math alphabet allocation in version normal on input line 830.
LaTeX Font Info:    Nested math: keeping math alphabet allocation in version normal on input line 830.
LaTeX Font Info:    Nested math: keeping math alphabet allocation in version normal on input line 830.
LaTeX Font Info:    Nested math: keeping math alphabet allocation in version normal on input line 830.
LaTeX Font Info:    Nested math: keeping math alphabet allocation in version normal on input line 830.
LaTeX Font Info:    Nested math: keeping math alphabet allocation in version normal on input line 830.
LaTeX Font Info:    Nested math: keeping math alphabet allocation in version normal on input line 830.
LaTeX Font Info:    Nested math: keeping math alphabet allocation in version normal on input line 830.
LaTeX Font Info:    Undo math alphabet allocation in version normal on input line 830.
LaTeX Font Info:    No math alphabet change to frozen version normal on input line 830.
LaTeX Font Info:    No math alphabet change to frozen version normal on input line 830.
LaTeX Font Info:    No math alphabet change to frozen version normal on input line 830.
LaTeX Font Info:    No math alphabet change to frozen version normal on input line 830.
LaTeX Font Info:    No math alphabet change to frozen version normal on input line 830.
LaTeX Font Info:    No math alphabet change to frozen version normal on input line 830.
LaTeX Font Info:    No math alphabet change to frozen version normal on input line 830.
LaTeX Font Info:    No math alphabet change to frozen version normal on input line 830.
LaTeX Font Info:    No math alphabet change to frozen version normal on input line 830.
LaTeX Font Info:    No math alphabet change to frozen version normal on input line 830.
LaTeX Font Info:    No math alphabet change to frozen version normal on input line 830.
LaTeX Font Info:    No math alphabet change to frozen version normal on input line 830.
LaTeX Font Info:    No math alphabet change to frozen version normal on input line 830.
LaTeX Font Info:    No math alphabet change to frozen version normal on input line 830.
LaTeX Font Info:    No math alphabet change to frozen version normal on input line 830.
LaTeX Font Info:    No math alphabet change to frozen version normal on input line 830.
LaTeX Font Info:    No math alphabet change to frozen version normal on input line 830.
LaTeX Font Info:    No math alphabet change to frozen version normal on input line 830.
LaTeX Font Info:    No math alphabet change to frozen version normal on input line 830.
LaTeX Font Info:    No math alphabet change to frozen version normal on input line 830.
LaTeX Font Info:    No math alphabet change to frozen version normal on input line 830.
LaTeX Font Info:    No math alphabet change to frozen version normal on input line 830.
LaTeX Font Info:    No math alphabet change to frozen version normal on input line 830.
LaTeX Font Info:    No math alphabet change to frozen version normal on input line 830.
LaTeX Font Info:    No math alphabet change to frozen version normal on input line 830.
LaTeX Font Info:    No math alphabet change to frozen version normal on input line 830.
LaTeX Font Info:    No math alphabet change to frozen version normal on input line 830.
LaTeX Font Info:    No math alphabet change to frozen version normal on input line 830.
LaTeX Font Info:    No math alphabet change to frozen version normal on input line 830.
LaTeX Font Info:    No math alphabet change to frozen version normal on input line 830.
LaTeX Font Info:    No math alphabet change to frozen version normal on input line 830.
LaTeX Font Info:    No math alphabet change to frozen version normal on input line 830.
LaTeX Font Info:    No math alphabet change to frozen version normal on input line 830.
LaTeX Font Info:    No math alphabet change to frozen version normal on input line 830.
LaTeX Font Info:    No math alphabet change to frozen version normal on input line 830.
LaTeX Font Info:    No math alphabet change to frozen version normal on input line 830.
LaTeX Font Info:    Nested math: keeping math alphabet allocation in version normal on input line 830.
LaTeX Font Info:    Nested math: keeping math alphabet allocation in version normal on input line 830.
LaTeX Font Info:    No math alphabet change to frozen version normal on input line 830.
LaTeX Font Info:    Nested math: keeping math alphabet allocation in version normal on input line 830.
LaTeX Font Info:    Nested math: keeping math alphabet allocation in version normal on input line 830.
LaTeX Font Info:    Nested math: keeping math alphabet allocation in version normal on input line 830.
LaTeX Font Info:    Nested math: keeping math alphabet allocation in version normal on input line 830.
LaTeX Font Info:    Nested math: keeping math alphabet allocation in version normal on input line 830.
LaTeX Font Info:    Nested math: keeping math alphabet allocation in version normal on input line 830.
LaTeX Font Info:    Nested math: keeping math alphabet allocation in version normal on input line 830.
LaTeX Font Info:    Nested math: keeping math alphabet allocation in version normal on input line 830.
LaTeX Font Info:    Nested math: keeping math alphabet allocation in version normal on input line 830.
LaTeX Font Info:    Nested math: keeping math alphabet allocation in version normal on input line 830.
LaTeX Font Info:    Nested math: keeping math alphabet allocation in version normal on input line 830.
LaTeX Font Info:    Nested math: keeping math alphabet allocation in version normal on input line 830.
LaTeX Font Info:    Nested math: keeping math alphabet allocation in version normal on input line 830.
LaTeX Font Info:    Nested math: keeping math alphabet allocation in version normal on input line 830.
LaTeX Font Info:    Undo math alphabet allocation in version normal on input line 830.
LaTeX Font Info:    Nested math: keeping math alphabet allocation in version normal on input line 830.
LaTeX Font Info:    Nested math: keeping math alphabet allocation in version normal on input line 830.
LaTeX Font Info:    Nested math: keeping math alphabet allocation in version normal on input line 830.
LaTeX Font Info:    Nested math: keeping math alphabet allocation in version normal on input line 830.
LaTeX Font Info:    Nested math: keeping math alphabet allocation in version normal on input line 830.
LaTeX Font Info:    Nested math: keeping math alphabet allocation in version normal on input line 830.
LaTeX Font Info:    Nested math: keeping math alphabet allocation in version normal on input line 830.
LaTeX Font Info:    Nested math: keeping math alphabet allocation in version normal on input line 830.
LaTeX Font Info:    Nested math: keeping math alphabet allocation in version normal on input line 830.
LaTeX Font Info:    Nested math: keeping math alphabet allocation in version normal on input line 830.
LaTeX Font Info:    Nested math: keeping math alphabet allocation in version normal on input line 830.
LaTeX Font Info:    Nested math: keeping math alphabet allocation in version normal on input line 830.
LaTeX Font Info:    Nested math: keeping math alphabet allocation in version normal on input line 830.
LaTeX Font Info:    Nested math: keeping math alphabet allocation in version normal on input line 830.
LaTeX Font Info:    Undo math alphabet allocation in version normal on input line 830.
LaTeX Font Info:    Nested math: keeping math alphabet allocation in version normal on input line 830.
LaTeX Font Info:    Nested math: keeping math alphabet allocation in version normal on input line 830.
LaTeX Font Info:    Nested math: keeping math alphabet allocation in version normal on input line 830.
LaTeX Font Info:    Nested math: keeping math alphabet allocation in version normal on input line 830.
LaTeX Font Info:    Nested math: keeping math alphabet allocation in version normal on input line 830.
LaTeX Font Info:    Nested math: keeping math alphabet allocation in version normal on input line 830.
LaTeX Font Info:    Nested math: keeping math alphabet allocation in version normal on input line 830.
LaTeX Font Info:    Nested math: keeping math alphabet allocation in version normal on input line 830.
LaTeX Font Info:    Nested math: keeping math alphabet allocation in version normal on input line 830.
LaTeX Font Info:    Nested math: keeping math alphabet allocation in version normal on input line 830.
LaTeX Font Info:    Nested math: keeping math alphabet allocation in version normal on input line 830.
LaTeX Font Info:    Nested math: keeping math alphabet allocation in version normal on input line 830.
LaTeX Font Info:    Nested math: keeping math alphabet allocation in version normal on input line 830.
LaTeX Font Info:    Nested math: keeping math alphabet allocation in version normal on input line 830.
LaTeX Font Info:    Undo math alphabet allocation in version normal on input line 830.
LaTeX Font Info:    No math alphabet change to frozen version normal on input line 830.
LaTeX Font Info:    No math alphabet change to frozen version normal on input line 830.
LaTeX Font Info:    No math alphabet change to frozen version normal on input line 830.
LaTeX Font Info:    No math alphabet change to frozen version normal on input line 830.
LaTeX Font Info:    No math alphabet change to frozen version normal on input line 830.
LaTeX Font Info:    No math alphabet change to frozen version normal on input line 830.
LaTeX Font Info:    No math alphabet change to frozen version normal on input line 830.
LaTeX Font Info:    No math alphabet change to frozen version normal on input line 830.
LaTeX Font Info:    No math alphabet change to frozen version normal on input line 830.
LaTeX Font Info:    No math alphabet change to frozen version normal on input line 830.
LaTeX Font Info:    No math alphabet change to frozen version normal on input line 830.
LaTeX Font Info:    No math alphabet change to frozen version normal on input line 830.
LaTeX Font Info:    No math alphabet change to frozen version normal on input line 830.
LaTeX Font Info:    No math alphabet change to frozen version normal on input line 830.
LaTeX Font Info:    No math alphabet change to frozen version normal on input line 830.
LaTeX Font Info:    No math alphabet change to frozen version normal on input line 830.
LaTeX Font Info:    No math alphabet change to frozen version normal on input line 830.
LaTeX Font Info:    No math alphabet change to frozen version normal on input line 830.
LaTeX Font Info:    No math alphabet change to frozen version normal on input line 830.
LaTeX Font Info:    No math alphabet change to frozen version normal on input line 830.
LaTeX Font Info:    No math alphabet change to frozen version normal on input line 830.
LaTeX Font Info:    No math alphabet change to frozen version normal on input line 830.
LaTeX Font Info:    No math alphabet change to frozen version normal on input line 830.
LaTeX Font Info:    No math alphabet change to frozen version normal on input line 830.
LaTeX Font Info:    No math alphabet change to frozen version normal on input line 830.
LaTeX Font Info:    No math alphabet change to frozen version normal on input line 830.
LaTeX Font Info:    No math alphabet change to frozen version normal on input line 830.
LaTeX Font Info:    No math alphabet change to frozen version normal on input line 830.
LaTeX Font Info:    No math alphabet change to frozen version normal on input line 830.

Overfull \hbox (27.799pt too wide) has occurred while \output is active
 [][]  \T1/cmss/m/n/6 ([])  
 []

[53

]
Overfull \hbox (27.799pt too wide) in paragraph at lines 839--839
 [][]  \T1/cmss/m/n/6 ([])  
 []

LaTeX Font Info:    No math alphabet change to frozen version normal on input line 839.
LaTeX Font Info:    No math alphabet change to frozen version normal on input line 839.
LaTeX Font Info:    No math alphabet change to frozen version normal on input line 839.
LaTeX Font Info:    No math alphabet change to frozen version normal on input line 839.
LaTeX Font Info:    No math alphabet change to frozen version normal on input line 839.
LaTeX Font Info:    No math alphabet change to frozen version normal on input line 839.
LaTeX Font Info:    No math alphabet change to frozen version normal on input line 839.
LaTeX Font Info:    No math alphabet change to frozen version normal on input line 839.
LaTeX Font Info:    No math alphabet change to frozen version normal on input line 839.
LaTeX Font Info:    No math alphabet change to frozen version normal on input line 839.
LaTeX Font Info:    No math alphabet change to frozen version normal on input line 839.
LaTeX Font Info:    No math alphabet change to frozen version normal on input line 839.
LaTeX Font Info:    No math alphabet change to frozen version normal on input line 839.
LaTeX Font Info:    No math alphabet change to frozen version normal on input line 839.
LaTeX Font Info:    No math alphabet change to frozen version normal on input line 839.
LaTeX Font Info:    No math alphabet change to frozen version normal on input line 839.
LaTeX Font Info:    No math alphabet change to frozen version normal on input line 839.
LaTeX Font Info:    No math alphabet change to frozen version normal on input line 839.
LaTeX Font Info:    No math alphabet change to frozen version normal on input line 839.

Overfull \hbox (27.799pt too wide) has occurred while \output is active
 [][]  \T1/cmss/m/n/6 ([])  
 []

[54

]

Package hyperref Warning: Token not allowed in a PDF string (Unicode):
(hyperref)                removing `math shift' on input line 841.


Package hyperref Warning: Token not allowed in a PDF string (Unicode):
(hyperref)                removing `subscript' on input line 841.


Package hyperref Warning: Token not allowed in a PDF string (Unicode):
(hyperref)                removing `\sqcup' on input line 841.


Package hyperref Warning: Token not allowed in a PDF string (Unicode):
(hyperref)                removing `subscript' on input line 841.


Package hyperref Warning: Token not allowed in a PDF string (Unicode):
(hyperref)                removing `math shift' on input line 841.


Overfull \hbox (27.799pt too wide) in paragraph at lines 856--856
 [][]  \T1/cmss/m/n/6 ([])  
 []

LaTeX Font Info:    No math alphabet change to frozen version normal on input line 856.
LaTeX Font Info:    No math alphabet change to frozen version normal on input line 856.
LaTeX Font Info:    No math alphabet change to frozen version normal on input line 856.
LaTeX Font Info:    No math alphabet change to frozen version normal on input line 856.
LaTeX Font Info:    No math alphabet change to frozen version normal on input line 856.
LaTeX Font Info:    No math alphabet change to frozen version normal on input line 856.
LaTeX Font Info:    No math alphabet change to frozen version normal on input line 856.
LaTeX Font Info:    No math alphabet change to frozen version normal on input line 856.
LaTeX Font Info:    No math alphabet change to frozen version normal on input line 856.

LaTeX Warning: File `General construction.jpg' not found on input line 856.


c:/Users/baneg/OneDrive/Desktop/git/PhD/Classes - Year 1/Algebraic Combinatorics/finalpresent.tex:856: Package pdftex.def Error: File `General construction.jpg' not found: using draft setting.

See the pdftex.def package documentation for explanation.
Type  H <return>  for immediate help.
 ...                                              
                                                  
l.856 \end{frame}
                 
Try typing  <return>  to proceed.
If that doesn't work, type  X <return>  to quit.

LaTeX Font Info:    No math alphabet change to frozen version normal on input line 856.

Overfull \vbox (47.16524pt too high) detected at line 856
 []


Overfull \hbox (27.799pt too wide) has occurred while \output is active
 [][]  \T1/cmss/m/n/6 ([])  
 []

[55

]
Overfull \hbox (27.799pt too wide) in paragraph at lines 869--869
 [][]  \T1/cmss/m/n/6 ([])  
 []

LaTeX Font Info:    No math alphabet change to frozen version normal on input line 869.
LaTeX Font Info:    No math alphabet change to frozen version normal on input line 869.
LaTeX Font Info:    No math alphabet change to frozen version normal on input line 869.
LaTeX Font Info:    No math alphabet change to frozen version normal on input line 869.
LaTeX Font Info:    No math alphabet change to frozen version normal on input line 869.
LaTeX Font Info:    No math alphabet change to frozen version normal on input line 869.
LaTeX Font Info:    No math alphabet change to frozen version normal on input line 869.
LaTeX Font Info:    No math alphabet change to frozen version normal on input line 869.

LaTeX Warning: File `K77K87.jpg' not found on input line 869.


c:/Users/baneg/OneDrive/Desktop/git/PhD/Classes - Year 1/Algebraic Combinatorics/finalpresent.tex:869: Package pdftex.def Error: File `K77K87.jpg' not found: using draft setting.

See the pdftex.def package documentation for explanation.
Type  H <return>  for immediate help.
 ...                                              
                                                  
l.869 \end{frame}
                 
Try typing  <return>  to proceed.
If that doesn't work, type  X <return>  to quit.

LaTeX Font Info:    No math alphabet change to frozen version normal on input line 869.
LaTeX Font Info:    No math alphabet change to frozen version normal on input line 869.
LaTeX Font Info:    No math alphabet change to frozen version normal on input line 869.

Overfull \vbox (19.12334pt too high) detected at line 869
 []


Overfull \hbox (27.799pt too wide) has occurred while \output is active
 [][]  \T1/cmss/m/n/6 ([])  
 []

[56

]
Overfull \hbox (27.799pt too wide) in paragraph at lines 877--877
 [][]  \T1/cmss/m/n/6 ([])  
 []


LaTeX Warning: File `k35.jpg' not found on input line 877.


c:/Users/baneg/OneDrive/Desktop/git/PhD/Classes - Year 1/Algebraic Combinatorics/finalpresent.tex:877: Package pdftex.def Error: File `k35.jpg' not found: using draft setting.

See the pdftex.def package documentation for explanation.
Type  H <return>  for immediate help.
 ...                                              
                                                  
l.877 \end{frame}
                 
Try typing  <return>  to proceed.
If that doesn't work, type  X <return>  to quit.

LaTeX Font Info:    No math alphabet change to frozen version normal on input line 877.
LaTeX Font Info:    No math alphabet change to frozen version normal on input line 877.

Overfull \vbox (79.8489pt too high) detected at line 877
 []


Overfull \hbox (27.799pt too wide) has occurred while \output is active
 [][]  \T1/cmss/m/n/6 ([])  
 []

[57

]
Overfull \hbox (27.799pt too wide) in paragraph at lines 890--890
 [][]  \T1/cmss/m/n/6 ([])  
 []

LaTeX Font Info:    No math alphabet change to frozen version normal on input line 890.
LaTeX Font Info:    No math alphabet change to frozen version normal on input line 890.
LaTeX Font Info:    Undo math alphabet allocation in version normal on input line 890.
LaTeX Font Info:    No math alphabet change to frozen version normal on input line 890.
LaTeX Font Info:    No math alphabet change to frozen version normal on input line 890.
LaTeX Font Info:    No math alphabet change to frozen version normal on input line 890.
LaTeX Font Info:    No math alphabet change to frozen version normal on input line 890.
LaTeX Font Info:    No math alphabet change to frozen version normal on input line 890.

Overfull \hbox (27.799pt too wide) has occurred while \output is active
 [][]  \T1/cmss/m/n/6 ([])  
 []

[58

]
\tf@nav=\write6
\openout6 = `finalpresent.nav'.

\tf@toc=\write7
\openout7 = `finalpresent.toc'.

\tf@snm=\write8
\openout8 = `finalpresent.snm'.

 (finalpresent.aux)
 ***********
LaTeX2e <2025-11-01>
L3 programming layer <2025-12-24>
 ***********


LaTeX Font Warning: Some font shapes were not available, defaults substituted.


Package rerunfilecheck Warning: File `finalpresent.out' has changed.
(rerunfilecheck)                Rerun to get outlines right
(rerunfilecheck)                or use package `bookmark'.

Package rerunfilecheck Info: Checksums for `finalpresent.out':
(rerunfilecheck)             Before: <no file>
(rerunfilecheck)             After:  2E8FE5C4A370D49267FB2C11A3F0A2D5;777.
 ) 
Here is how much of TeX's memory you used:
 34417 strings out of 467871
 691970 string characters out of 5428442
 1255238 words of memory out of 5000000
 62442 multiletter control sequences out of 15000+600000
 693053 words of font info for 195 fonts, out of 8000000 for 9000
 1141 hyphenation exceptions out of 8191
 128i,15n,123p,569b,1034s stack positions out of 10000i,1000n,20000p,200000b,200000s
 <C:\Users\baneg\AppData\Local\MiKTeX\fonts/pk/ljfour/jknappen/ec/dpi600\ectt1095.pk> <C:\Users\baneg\AppData\Local\MiKTeX\fonts/pk/ljfour/public/mathabx/dpi720\matha12.pk>
!pdfTeX error: pdflatex (file mathkerncmssi12): Font mathkerncmssi12 at 720 not found
 ==> Fatal error occurred, no output PDF file produced!
